﻿<?xml version="1.0" encoding="utf-8"?>
<root>
  <SkinSystemVersion>4</SkinSystemVersion>
  <Info>
    <Name>Green</Name>
    <Author>bohning</Author>
    <VersionMajor>0</VersionMajor>
    <VersionMinor>0</VersionMinor>
  </Info>
  <Colors>
    <Player1>
      <R>0.000</R>
      <G>0.000</G>
      <B>1.000</B>
      <A>1.000</A>
    </Player1>
    <Player2>
      <R>1.000</R>
      <G>0.000</G>
      <B>0.000</B>
      <A>1.000</A>
    </Player2>
    <Player3>
      <R>0.000</R>
      <G>1.000</G>
      <B>0.000</B>
      <A>1.000</A>
    </Player3>
    <Player4>
      <R>0.500</R>
      <G>0.000</G>
      <B>1.000</B>
      <A>1.000</A>
    </Player4>
    <Player5>
      <R>1.000</R>
      <G>0.800</G>
      <B>0.000</B>
      <A>1.000</A>
    </Player5>
    <Player6>
      <R>1.000</R>
      <G>0.000</G>
      <B>0.500</B>
      <A>1.000</A>
    </Player6>
    <BackgroundColor>
      <R>0.000</R>
      <G>0.750</G>
      <B>0.000</B>
      <A>1.000</A>
    </BackgroundColor>
    <StaticColor>
      <R>0.709</R>
      <G>0.968</G>
      <B>0.674</B>
      <A>1.000</A>
    </StaticColor>
    <StaticColorAlpha>
      <R>0.709</R>
      <G>0.968</G>
      <B>0.674</B>
      <A>0.500</A>
    </StaticColorAlpha>
    <StaticWarningColor>
      <R>0.709</R>
      <G>0.968</G>
      <B>0.674</B>
      <A>0.600</A>
    </StaticWarningColor>
    <ButtonColor>
      <R>0.709</R>
      <G>0.968</G>
      <B>0.674</B>
      <A>0.300</A>
    </ButtonColor>
    <ButtonSelColor>
      <R>0.709</R>
      <G>0.968</G>
      <B>0.674</B>
      <A>1.000</A>
    </ButtonSelColor>
    <ButtonTextColor>
      <R>0.709</R>
      <G>0.968</G>
      <B>0.674</B>
      <A>0.500</A>
    </ButtonTextColor>
    <ButtonTextSelColor>
      <R>0.709</R>
      <G>0.968</G>
      <B>0.674</B>
      <A>1.000</A>
    </ButtonTextSelColor>
    <SelectSlideColor>
      <R>0.709</R>
      <G>0.968</G>
      <B>0.674</B>
      <A>1.000</A>
    </SelectSlideColor>
    <SelectSlideSelColor>
      <R>0.709</R>
      <G>0.968</G>
      <B>0.674</B>
      <A>0.500</A>
    </SelectSlideSelColor>
    <ArrowColor>
      <R>0.709</R>
      <G>0.968</G>
      <B>0.674</B>
      <A>0.300</A>
    </ArrowColor>
    <ArrowSelColor>
      <R>0.709</R>
      <G>0.968</G>
      <B>0.674</B>
      <A>1.000</A>
    </ArrowSelColor>
    <TextColor>
      <R>0.709</R>
      <G>0.968</G>
      <B>0.674</B>
      <A>0.500</A>
    </TextColor>
    <TextSelColor>
      <R>0.709</R>
      <G>0.968</G>
      <B>0.674</B>
      <A>1.000</A>
    </TextSelColor>
    <TextWarningColor>
      <R>1.000</R>
      <G>0.000</G>
      <B>0.000</B>
      <A>1.000</A>
    </TextWarningColor>
    <Black>
      <R>0.000</R>
      <G>0.000</G>
      <B>0.000</B>
      <A>1.000</A>
    </Black>
    <White>
      <R>1.000</R>
      <G>1.000</G>
      <B>1.000</B>
      <A>1.000</A>
    </White>
    <Visible>
      <R>1.000</R>
      <G>1.000</G>
      <B>1.000</B>
      <A>1.000</A>
    </Visible>
    <Invisible>
      <R>1.000</R>
      <G>1.000</G>
      <B>1.000</B>
      <A>0.000</A>
    </Invisible>
    <LyricProcessedColor>
      <R>0.000</R>
      <G>1.000</G>
      <B>0.000</B>
      <A>1.000</A>
    </LyricProcessedColor>
    <LyricMainColor>
      <R>0.000</R>
      <G>0.000</G>
      <B>0.000</B>
      <A>1.000</A>
    </LyricMainColor>
    <LyricSubColor>
      <R>0.300</R>
      <G>0.300</G>
      <B>0.300</B>
      <A>1.000</A>
    </LyricSubColor>
    <LyricHelper>
      <R>0.000</R>
      <G>1.000</G>
      <B>0.000</B>
      <A>0.500</A>
    </LyricHelper>
    <TimeBar>
      <R>0.800</R>
      <G>1.000</G>
      <B>0.811</B>
      <A>0.500</A>
    </TimeBar>
    <TimeBarSentence>
      <R>0.800</R>
      <G>1.000</G>
      <B>0.811</B>
      <A>0.811</A>
    </TimeBarSentence>
  </Colors>
  <Skins>
    <BG_Default>[Green]BG_Default.png</BG_Default>
    <BG_Options>[Green]BG_Options.png</BG_Options>
    <Menu>Menu.png</Menu>
    <Button>Button.png</Button>
    <CoverTile>CoverTile.png</CoverTile>
    <CoverBackground>CoverBackground.png</CoverBackground>
    <Cursor>Cursor.png</Cursor>
    <TimeBar>TimeBar.png</TimeBar>
    <TimeLine>TimeLine.png</TimeLine>
    <Pointer>Pointer.png</Pointer>
    <SelectSlide>SelectSlide.png</SelectSlide>
    <SelectSlidePlayer>SelectSlidePlayer.png</SelectSlidePlayer>
    <SelectSlideArrowLeft>SelectSlideArrowLeft.png</SelectSlideArrowLeft>
    <SelectSlideArrowRight>SelectSlideArrowRight.png</SelectSlideArrowRight>
    <NoteLeft>notes_left.png</NoteLeft>
    <NoteMiddle>notes_mid.png</NoteMiddle>
    <NoteRight>notes_right.png</NoteRight>
    <NoteBackgroundLeft>notes_bg_left.png</NoteBackgroundLeft>
    <NoteBackgroundMiddle>notes_bg_mid.png</NoteBackgroundMiddle>
    <NoteBackgroundRight>notes_bg_right.png</NoteBackgroundRight>
    <PointsBar>points_bar.png</PointsBar>
    <PointsBarBG>points_bar_bg.png</PointsBarBG>
    <Lyrics>Lyrics.png</Lyrics>
    <LyricHelper>LyricHelper.png</LyricHelper>
    <ToneHelper>ToneHelper.png</ToneHelper>
    <TextBG>TextBG.png</TextBG>
    <Score>Score.png</Score>
    <Star>Star.png</Star>
    <Snowflake>Snowflake.png</Snowflake>
    <SongMenu>SongMenu.png</SongMenu>
    <PerfectNoteStar>PerfectNoteStar.png</PerfectNoteStar>
    <PauseBG>Pause.png</PauseBG>
    <EnergyBeam>EnergyBeam.png</EnergyBeam>
    <DuetIcon>DuetIcon.png</DuetIcon>
    <VideoIcon>VideoIcon.png</VideoIcon>
    <VideoIconCO>VideoIconCO.png</VideoIconCO>
    <VideoIconBG>VideoIconBG.png</VideoIconBG>
    <MedleyCalcIcon>MedleyCalcIcon.png</MedleyCalcIcon>
    <MedleyTagIcon>MedleyTagIcon.png</MedleyTagIcon>
    <PlayerSelector>PlayerSelector.png</PlayerSelector>
    <PreviousIcon>PreviousIcon.png</PreviousIcon>
    <NextIcon>NextIcon.png</NextIcon>
    <PlayIcon>PlayIcon.png</PlayIcon>
    <PauseIcon>PauseIcon.png</PauseIcon>
    <RepeatIcon>RepeatIcon.png</RepeatIcon>
    <SongMenuBG>SongMenuBG.png</SongMenuBG>
    <CloseIcon>Close.png</CloseIcon>
    <DeleteIcon>Delete.png</DeleteIcon>
    <SaveIcon>Save.png</SaveIcon>
    <SingIcon>Sing.png</SingIcon>
    <Minus>Minus.png</Minus>
    <Plus>Plus.png</Plus>
    <Random>Random.png</Random>
    <PopupBG>Popup.png</PopupBG>
    <ScrollUp>ScrollUp.png</ScrollUp>
    <ScrollDown>ScrollDown.png</ScrollDown>
  </Skins>
  <Videos>
    <BG_Video>[Green]BG_Video.mp4</BG_Video>
    <IntroIn>[Green]IntroIn.mp4</IntroIn>
    <IntroMid>[Green]IntroMid.mp4</IntroMid>
    <IntroOut>[Green]IntroOut.mp4</IntroOut>
  </Videos>
</root>