<?xml version="1.0" encoding="utf-8"?>
<Screen xmlns:xsd="http://www.w3.org/2001/XMLSchema" xmlns:xsi="http://www.w3.org/2001/XMLSchema-instance">
  <Informations>
    <ScreenName>PopupScreenServerQR</ScreenName>
    <ScreenVersion>1</ScreenVersion>
  </Informations>
  <Backgrounds />
  <Statics>
    <Static Name="Static1">
      <Skin>SongMenuBG</Skin>
      <Color>
        <R>1</R>
        <G>1</G>
        <B>1</B>
        <A>0.8</A>
      </Color>
      <Rect>
        <X>0</X>
        <Y>0</Y>
        <W>1280</W>
        <H>720</H>
        <Z>-1.99</Z>
      </Rect>
    </Static>
    <Static Name="StaticQRServer">
      <Skin>Menu</Skin>
      <Color Name="Visible" />
      <Rect>
        <X>490</X>
        <Y>210</Y>
        <W>300</W>
        <H>300</H>
        <Z>-2</Z>
      </Rect>
    </Static>
    <Static Name="StaticQRAndroid">
      <Skin>Menu</Skin>
      <Color Name="Visible" />
      <Rect>
        <X>25</X>
        <Y>25</Y>
        <W>200</W>
        <H>200</H>
        <Z>-2</Z>
      </Rect>
    </Static>
    <Static Name="StaticQRSymbian">
      <Skin>Menu</Skin>
      <Color Name="Visible" />
      <Rect>
        <X>1055</X>
        <Y>25</Y>
        <W>200</W>
        <H>200</H>
        <Z>-2</Z>
      </Rect>
    </Static>
    <Static Name="StaticQRWebOS">
      <Skin>Menu</Skin>
      <Color Name="Visible" />
      <Rect>
        <X>25</X>
        <Y>495</Y>
        <W>200</W>
        <H>200</H>
        <Z>-2</Z>
      </Rect>
    </Static>
    <Static Name="StaticQRWindowsPhone">
      <Skin>Menu</Skin>
      <Color Name="Visible" />
      <Rect>
        <X>1055</X>
        <Y>495</Y>
        <W>200</W>
        <H>200</H>
        <Z>-2</Z>
      </Rect>
    </Static>
  </Statics>
  <Texts>
    <Text Name="Text1">
      <X>640</X>
      <Y>180</Y>
      <Z>-2</Z>
      <H>35</H>
      <MaxW>300</MaxW>
      <Color Name="StaticColor" />
      <SelColor Name="TextSelColor" />
      <Align>Center</Align>
      <ResizeAlign>Center</ResizeAlign>
      <Style>Bold</Style>
      <Font>Outline</Font>
      <Text>TR_SCREENPSERVERQR_ADDRESS</Text>
    </Text>
    <Text Name="Text2">
      <X>125</X>
      <Y>230</Y>
      <Z>-2</Z>
      <H>27</H>
      <MaxW>200</MaxW>
      <Color Name="StaticColor" />
      <SelColor Name="TextSelColor" />
      <Align>Center</Align>
      <ResizeAlign>Center</ResizeAlign>
      <Style>Bold</Style>
      <Font>Outline</Font>
      <Text>Android</Text>
    </Text>
    <Text Name="Text3">
      <X>1155</X>
      <Y>230</Y>
      <Z>-2</Z>
      <H>27</H>
      <MaxW>200</MaxW>
      <Color Name="StaticColor" />
      <SelColor Name="TextSelColor" />
      <Align>Center</Align>
      <ResizeAlign>Center</ResizeAlign>
      <Style>Bold</Style>
      <Font>Outline</Font>
      <Text>Symbian</Text>
    </Text>
    <Text Name="Text4">
      <X>125</X>
      <Y>460</Y>
      <Z>-2</Z>
      <H>27</H>
      <MaxW>200</MaxW>
      <Color Name="StaticColor" />
      <SelColor Name="TextSelColor" />
      <Align>Center</Align>
      <ResizeAlign>Center</ResizeAlign>
      <Style>Bold</Style>
      <Font>Outline</Font>
      <Text>WebOS</Text>
    </Text>
    <Text Name="Text5">
      <X>1155</X>
      <Y>460</Y>
      <Z>-2</Z>
      <H>27</H>
      <MaxW>200</MaxW>
      <Color Name="StaticColor" />
      <SelColor Name="TextSelColor" />
      <Align>Center</Align>
      <ResizeAlign>Center</ResizeAlign>
      <Style>Bold</Style>
      <Font>Outline</Font>
      <Text>Windows Phone</Text>
    </Text>
    <Text Name="TextServerAddress">
      <X>640</X>
      <Y>515</Y>
      <Z>-2</Z>
      <H>35</H>
      <MaxW>300</MaxW>
      <Color Name="StaticColor" />
      <SelColor Name="TextSelColor" />
      <Align>Center</Align>
      <ResizeAlign>Center</ResizeAlign>
      <Style>Bold</Style>
      <Font>Outline</Font>
      <Text />
    </Text>
    <Text Name="TextServerNotRunning">
      <X>640</X>
      <Y>265</Y>
      <Z>-2</Z>
      <H>45</H>
      <MaxW>600</MaxW>
      <Color Name="StaticColor" />
      <SelColor Name="TextSelColor" />
      <Align>Center</Align>
      <ResizeAlign>Center</ResizeAlign>
      <Style>Bold</Style>
      <Font>Outline</Font>
      <Text>TR_SCREENPSERVERQR_NOTRUNNING</Text>
    </Text>
  </Texts>
  <Buttons />
  <SongMenus />
  <Lyrics />
  <SelectSlides />
  <SingNotes />
  <NameSelections />
  <Equalizers />
  <Playlists />
  <ParticleEffects />
  <ScreenSettings />
</Screen>