<?xml version="1.0" encoding="utf-8"?>
<Screen xmlns:xsd="http://www.w3.org/2001/XMLSchema" xmlns:xsi="http://www.w3.org/2001/XMLSchema-instance">
  <Informations>
    <ScreenName>PopupScreenPlayerControl</ScreenName>
    <ScreenVersion>1</ScreenVersion>
  </Informations>
  <Backgrounds />
  <Statics>
    <Static Name="StaticBG">
      <Skin>Menu</Skin>
      <Color Name="StaticColor" />
      <Rect>
        <X>49</X>
        <Y>0</Y>
        <W>1181</W>
        <H>42</H>
        <Z>0</Z>
      </Rect>
    </Static>
    <Static Name="StaticCover">
      <Skin>CoverBackground</Skin>
      <Color Name="Visible" />
      <Rect>
        <X>55</X>
        <Y>2</Y>
        <W>38</W>
        <H>38</H>
        <Z>0</Z>
      </Rect>
    </Static>
  </Statics>
  <Texts>
    <Text Name="TextCurrentSong">
      <X>410</X>
      <Y>8</Y>
      <Z>0</Z>
      <H>27</H>
      <MaxW>769</MaxW>
      <Color Name="StaticColor" />
      <SelColor Name="TextSelColor" />
      <Align>Left</Align>
      <ResizeAlign>Center</ResizeAlign>
      <Style>Bold</Style>
      <Font>Outline</Font>
      <Text />
    </Text>
  </Texts>
  <Buttons>
    <Button Name="ButtonPlay">
      <Skin>PlayIcon</Skin>
      <SkinSelected>PlayIcon</SkinSelected>
      <Rect>
        <X>146</X>
        <Y>8</Y>
        <W>28</W>
        <H>28</H>
        <Z>0</Z>
      </Rect>
      <Color Name="ButtonColor" />
      <SelColor Name="ButtonSelColor" />
      <Text Name="Text">
        <X>75</X>
        <Y>2</Y>
        <Z>0</Z>
        <H>32</H>
        <MaxW>142</MaxW>
        <Color Name="ButtonTextColor" />
        <SelColor Name="ButtonTextSelColor" />
        <Align>Center</Align>
        <ResizeAlign>Center</ResizeAlign>
        <Style>Bold</Style>
        <Font>Normal</Font>
        <Text />
      </Text>
    </Button>
    <Button Name="ButtonPause">
      <Skin>PauseIcon</Skin>
      <SkinSelected>PauseIcon</SkinSelected>
      <Rect>
        <X>145</X>
        <Y>8</Y>
        <W>28</W>
        <H>28</H>
        <Z>0</Z>
      </Rect>
      <Color Name="ButtonColor" />
      <SelColor Name="ButtonSelColor" />
      <Text Name="Text">
        <X>75</X>
        <Y>2</Y>
        <Z>0</Z>
        <H>32</H>
        <MaxW>142</MaxW>
        <Color Name="ButtonTextColor" />
        <SelColor Name="ButtonTextSelColor" />
        <Align>Center</Align>
        <ResizeAlign>Center</ResizeAlign>
        <Style>Bold</Style>
        <Font>Normal</Font>
        <Text />
      </Text>
    </Button>
    <Button Name="ButtonPrevious">
      <Skin>PreviousIcon</Skin>
      <SkinSelected>PreviousIcon</SkinSelected>
      <Rect>
        <X>100</X>
        <Y>2</Y>
        <W>38</W>
        <H>38</H>
        <Z>0</Z>
      </Rect>
      <Color Name="ButtonColor" />
      <SelColor Name="ButtonSelColor" />
      <Text Name="Text">
        <X>75</X>
        <Y>2</Y>
        <Z>0</Z>
        <H>32</H>
        <MaxW>142</MaxW>
        <Color Name="ButtonTextColor" />
        <SelColor Name="ButtonTextSelColor" />
        <Align>Center</Align>
        <ResizeAlign>Center</ResizeAlign>
        <Style>Bold</Style>
        <Font>Normal</Font>
        <Text />
      </Text>
    </Button>
    <Button Name="ButtonNext">
      <Skin>NextIcon</Skin>
      <SkinSelected>NextIcon</SkinSelected>
      <Rect>
        <X>185</X>
        <Y>2</Y>
        <W>38</W>
        <H>38</H>
        <Z>0</Z>
      </Rect>
      <Color Name="ButtonColor" />
      <SelColor Name="ButtonSelColor" />
      <Text Name="Text">
        <X>190</X>
        <Y>25</Y>
        <Z>0</Z>
        <H>32</H>
        <MaxW>142</MaxW>
        <Color Name="ButtonTextColor" />
        <SelColor Name="ButtonTextSelColor" />
        <Align>Center</Align>
        <ResizeAlign>Center</ResizeAlign>
        <Style>Bold</Style>
        <Font>Normal</Font>
        <Text />
      </Text>
    </Button>
    <Button Name="ButtonRepeat">
      <Skin>RepeatIcon</Skin>
      <SkinSelected>RepeatIcon</SkinSelected>
      <Rect>
        <X>225</X>
        <Y>2</Y>
        <W>38</W>
        <H>38</H>
        <Z>0</Z>
      </Rect>
      <Color Name="ButtonColor" />
      <SelColor Name="ButtonSelColor" />
      <Text Name="Text">
        <X>405</X>
        <Y>25</Y>
        <Z>0</Z>
        <H>32</H>
        <MaxW>142</MaxW>
        <Color Name="ButtonTextColor" />
        <SelColor Name="ButtonTextSelColor" />
        <Align>Center</Align>
        <ResizeAlign>Center</ResizeAlign>
        <Style>Bold</Style>
        <Font>Normal</Font>
        <Text />
      </Text>
    </Button>
    <Button Name="ButtonShowVideo">
      <Skin>VideoIconCO</Skin>
      <SkinSelected>VideoIconCO</SkinSelected>
      <Rect>
        <X>270</X>
        <Y>2</Y>
        <W>38</W>
        <H>38</H>
        <Z>0</Z>
      </Rect>
      <Color Name="ButtonColor" />
      <SelColor Name="ButtonSelColor" />
      <Text Name="Text">
        <X>315</X>
        <Y>0</Y>
        <Z>0</Z>
        <H>32</H>
        <MaxW>142</MaxW>
        <Color Name="ButtonTextColor" />
        <SelColor Name="ButtonTextSelColor" />
        <Align>Center</Align>
        <ResizeAlign>Center</ResizeAlign>
        <Style>Bold</Style>
        <Font>Normal</Font>
        <Text />
      </Text>
    </Button>
    <Button Name="ButtonSing">
      <Skin>DuetIcon</Skin>
      <SkinSelected>DuetIcon</SkinSelected>
      <Rect>
        <X>360</X>
        <Y>2</Y>
        <W>38</W>
        <H>38</H>
        <Z>0</Z>
      </Rect>
      <Color Name="ButtonColor" />
      <SelColor Name="ButtonSelColor" />
      <Text Name="Text">
        <X>380</X>
        <Y>0</Y>
        <Z>0</Z>
        <H>32</H>
        <MaxW>142</MaxW>
        <Color Name="ButtonTextColor" />
        <SelColor Name="ButtonTextSelColor" />
        <Align>Center</Align>
        <ResizeAlign>Center</ResizeAlign>
        <Style>Bold</Style>
        <Font>Normal</Font>
        <Text />
      </Text>
    </Button>
    <Button Name="ButtonToBackgroundVideo">
      <Skin>VideoIconBG</Skin>
      <SkinSelected>VideoIconBG</SkinSelected>
      <Rect>
        <X>315</X>
        <Y>2</Y>
        <W>38</W>
        <H>38</H>
        <Z>0</Z>
      </Rect>
      <Color Name="ButtonColor" />
      <SelColor Name="ButtonSelColor" />
      <Text Name="Text">
        <X>315</X>
        <Y>0</Y>
        <Z>0</Z>
        <H>32</H>
        <MaxW>142</MaxW>
        <Color Name="ButtonTextColor" />
        <SelColor Name="ButtonTextSelColor" />
        <Align>Center</Align>
        <ResizeAlign>Center</ResizeAlign>
        <Style>Bold</Style>
        <Font>Normal</Font>
        <Text />
      </Text>
    </Button>
  </Buttons>
  <SongMenus />
  <Lyrics />
  <SelectSlides />
  <SingNotes />
  <NameSelections />
  <Equalizers />
  <Playlists />
  <ParticleEffects />
  <ScreenSettings />
</Screen>