<?xml version="1.0" encoding="utf-8"?>
<Screen xmlns:xsd="http://www.w3.org/2001/XMLSchema" xmlns:xsi="http://www.w3.org/2001/XMLSchema-instance">
  <Informations>
    <ScreenName>ScreenOptions</ScreenName>
    <ScreenVersion>1</ScreenVersion>
  </Informations>
  <Backgrounds>
    <Background Name="Background1">
      <Type>Video</Type>
      <SlideShowTextures />
      <Video>BG_Video</Video>
      <Skin>BG_Default</Skin>
      <Color Name="BackgroundColor" />
    </Background>
  </Backgrounds>
  <Statics>
    <Static Name="Static1">
      <Skin>Menu</Skin>
      <Color Name="Invisible" />
      <Rect>
        <X>50</X>
        <Y>32</Y>
        <W>1180</W>
        <H>50</H>
        <Z>0</Z>
      </Rect>
    </Static>
  </Statics>
  <Texts>
    <Text Name="Text1">
      <X>60</X>
      <Y>43</Y>
      <Z>0</Z>
      <H>27</H>
      <MaxW>0</MaxW>
      <Color Name="Invisible" />
      <SelColor Name="Invisible" />
      <Align>Left</Align>
      <ResizeAlign>Center</ResizeAlign>
      <Style>Bold</Style>
      <Font>Outline</Font>
      <Text>TR_SCREENO_OPTIONS</Text>
    </Text>
  </Texts>
  <Buttons>
    <Button Name="ButtonOptionsGame">
      <Skin>Button</Skin>
      <SkinSelected>Button</SkinSelected>
      <Rect>
        <X>55</X>
        <Y>600</Y>
        <W>150</W>
        <H>50</H>
        <Z>0</Z>
      </Rect>
      <Color Name="ButtonColor" />
      <SelColor Name="ButtonSelColor" />
      <Text Name="Text">
        <X>75</X>
        <Y>12</Y>
        <Z>0</Z>
        <H>27</H>
        <MaxW>142</MaxW>
        <Color Name="ButtonTextColor" />
        <SelColor Name="ButtonTextSelColor" />
        <Align>Center</Align>
        <ResizeAlign>Center</ResizeAlign>
        <Style>Bold</Style>
        <Font>Outline</Font>
        <Text>TR_SCREENO_BUTTON_GAME</Text>
      </Text>
      <Reflection>
        <Height>26</Height>
        <Space>10</Space>
      </Reflection>
      <SelReflection>
        <Height>26</Height>
        <Space>10</Space>
      </SelReflection>
    </Button>
    <Button Name="ButtonOptionsSound">
      <Skin>Button</Skin>
      <SkinSelected>Button</SkinSelected>
      <Rect>
        <X>259</X>
        <Y>600</Y>
        <W>150</W>
        <H>50</H>
        <Z>0</Z>
      </Rect>
      <Color Name="ButtonColor" />
      <SelColor Name="ButtonSelColor" />
      <Text Name="Text">
        <X>75</X>
        <Y>12</Y>
        <Z>0</Z>
        <H>27</H>
        <MaxW>142</MaxW>
        <Color Name="ButtonTextColor" />
        <SelColor Name="ButtonTextSelColor" />
        <Align>Center</Align>
        <ResizeAlign>Center</ResizeAlign>
        <Style>Bold</Style>
        <Font>Outline</Font>
        <Text>TR_SCREENO_BUTTON_SOUND</Text>
      </Text>
      <Reflection>
        <Height>26</Height>
        <Space>10</Space>
      </Reflection>
      <SelReflection>
        <Height>26</Height>
        <Space>10</Space>
      </SelReflection>
    </Button>
    <Button Name="ButtonOptionsRecord">
      <Skin>Button</Skin>
      <SkinSelected>Button</SkinSelected>
      <Rect>
        <X>464</X>
        <Y>600</Y>
        <W>150</W>
        <H>50</H>
        <Z>0</Z>
      </Rect>
      <Color Name="ButtonColor" />
      <SelColor Name="ButtonSelColor" />
      <Text Name="Text">
        <X>75</X>
        <Y>12</Y>
        <Z>0</Z>
        <H>27</H>
        <MaxW>142</MaxW>
        <Color Name="ButtonTextColor" />
        <SelColor Name="ButtonTextSelColor" />
        <Align>Center</Align>
        <ResizeAlign>Center</ResizeAlign>
        <Style>Bold</Style>
        <Font>Outline</Font>
        <Text>TR_SCREENO_BUTTON_RECORD</Text>
      </Text>
      <Reflection>
        <Height>26</Height>
        <Space>10</Space>
      </Reflection>
      <SelReflection>
        <Height>26</Height>
        <Space>10</Space>
      </SelReflection>
    </Button>
    <Button Name="ButtonOptionsVideo">
      <Skin>Button</Skin>
      <SkinSelected>Button</SkinSelected>
      <Rect>
        <X>669</X>
        <Y>600</Y>
        <W>150</W>
        <H>50</H>
        <Z>0</Z>
      </Rect>
      <Color Name="ButtonColor" />
      <SelColor Name="ButtonSelColor" />
      <Text Name="Text">
        <X>75</X>
        <Y>12</Y>
        <Z>0</Z>
        <H>27</H>
        <MaxW>142</MaxW>
        <Color Name="ButtonTextColor" />
        <SelColor Name="ButtonTextSelColor" />
        <Align>Center</Align>
        <ResizeAlign>Center</ResizeAlign>
        <Style>Bold</Style>
        <Font>Outline</Font>
        <Text>TR_SCREENO_BUTTON_VIDEO</Text>
      </Text>
      <Reflection>
        <Height>26</Height>
        <Space>10</Space>
      </Reflection>
      <SelReflection>
        <Height>26</Height>
        <Space>10</Space>
      </SelReflection>
    </Button>
    <Button Name="ButtonOptionsLyrics">
      <Skin>Button</Skin>
      <SkinSelected>Button</SkinSelected>
      <Rect>
        <X>874</X>
        <Y>600</Y>
        <W>150</W>
        <H>50</H>
        <Z>0</Z>
      </Rect>
      <Color Name="ButtonColor" />
      <SelColor Name="ButtonSelColor" />
      <Text Name="Text">
        <X>75</X>
        <Y>12</Y>
        <Z>0</Z>
        <H>27</H>
        <MaxW>142</MaxW>
        <Color Name="ButtonTextColor" />
        <SelColor Name="ButtonTextSelColor" />
        <Align>Center</Align>
        <ResizeAlign>Center</ResizeAlign>
        <Style>Bold</Style>
        <Font>Outline</Font>
        <Text>TR_SCREENO_BUTTON_LYRICS</Text>
      </Text>
      <Reflection>
        <Height>26</Height>
        <Space>10</Space>
      </Reflection>
      <SelReflection>
        <Height>26</Height>
        <Space>10</Space>
      </SelReflection>
    </Button>
    <Button Name="ButtonOptionsTheme">
      <Skin>Button</Skin>
      <SkinSelected>Button</SkinSelected>
      <Rect>
        <X>1078</X>
        <Y>600</Y>
        <W>150</W>
        <H>50</H>
        <Z>0</Z>
      </Rect>
      <Color Name="ButtonColor" />
      <SelColor Name="ButtonSelColor" />
      <Text Name="Text">
        <X>75</X>
        <Y>12</Y>
        <Z>0</Z>
        <H>27</H>
        <MaxW>142</MaxW>
        <Color Name="ButtonTextColor" />
        <SelColor Name="ButtonTextSelColor" />
        <Align>Center</Align>
        <ResizeAlign>Center</ResizeAlign>
        <Style>Bold</Style>
        <Font>Outline</Font>
        <Text>TR_SCREENO_BUTTON_THEME</Text>
      </Text>
      <Reflection>
        <Height>26</Height>
        <Space>10</Space>
      </Reflection>
      <SelReflection>
        <Height>26</Height>
        <Space>10</Space>
      </SelReflection>
    </Button>
  </Buttons>
  <SongMenus />
  <Lyrics />
  <SelectSlides />
  <SingNotes />
  <NameSelections />
  <Equalizers />
  <Playlists />
  <ParticleEffects />
  <ScreenSettings />
</Screen>