<?xml version="1.0" encoding="utf-8"?>
<Screen xmlns:xsd="http://www.w3.org/2001/XMLSchema" xmlns:xsi="http://www.w3.org/2001/XMLSchema-instance">
  <Informations>
    <ScreenName>ScreenSing</ScreenName>
    <ScreenVersion>7</ScreenVersion>
  </Informations>
  <Backgrounds>
    <Background Name="Background1">
      <Type>None</Type>
      <SlideShowTextures />
      <Video />
      <Skin />
      <Color>
        <R>0</R>
        <G>0</G>
        <B>0</B>
        <A>1</A>
      </Color>
    </Background>
  </Backgrounds>
  <Statics>
    <Static Name="StaticSongText">
      <Skin>Score</Skin>
      <Color Name="StaticColor" />
      <Rect>
        <X>190</X>
        <Y>10</Y>
        <W>900</W>
        <H>50</H>
        <Z>-1</Z>
      </Rect>
    </Static>
    <Static Name="StaticLyrics">
      <Skin>Lyrics</Skin>
      <Color Name="StaticColor" />
      <Rect>
        <X>40</X>
        <Y>600</Y>
        <W>1200</W>
        <H>90</H>
        <Z>-0.75</Z>
      </Rect>
    </Static>
    <Static Name="StaticLyricsDuet">
      <Skin>Lyrics</Skin>
      <Color Name="StaticColor" />
      <Rect>
        <X>40</X>
        <Y>7</Y>
        <W>1200</W>
        <H>93</H>
        <Z>-0.75</Z>
      </Rect>
    </Static>
    <Static Name="StaticLyricsTop">
      <Skin>Lyrics</Skin>
      <Color Name="StaticColor" />
      <Rect>
        <X>40</X>
        <Y>7</Y>
        <W>1200</W>
        <H>93</H>
        <Z>-0.75</Z>
      </Rect>
    </Static>
    <Static Name="StaticTimeBar">
      <Skin>TimeBar</Skin>
      <Color Name="StaticColor" />
      <Rect>
        <X>40</X>
        <Y>696</Y>
        <W>1200</W>
        <H>21</H>
        <Z>-0.75</Z>
      </Rect>
    </Static>
    <Static Name="StaticTimeLine">
      <Skin>TimeLine</Skin>
      <Color Name="StaticColor" />
      <Rect>
        <X>50</X>
        <Y>702</Y>
        <W>1090</W>
        <H>10</H>
        <Z>-1</Z>
      </Rect>
    </Static>
    <Static Name="StaticTimeLineExpandedNormal">
      <Skin>TimeLine</Skin>
      <Color Name="TimeBar" />
      <Rect>
        <X>50</X>
        <Y>696</Y>
        <W>1090</W>
        <H>9</H>
        <Z>-1</Z>
      </Rect>
    </Static>
    <Static Name="StaticTimeLineExpandedHighlighted">
      <Skin>TimeLine</Skin>
      <Color Name="TimeBarSentence" />
      <Rect>
        <X>50</X>
        <Y>696</Y>
        <W>1090</W>
        <H>9</H>
        <Z>-1</Z>
      </Rect>
    </Static>
    <Static Name="StaticTimePointer">
      <Skin>Pointer</Skin>
      <Color>
        <R>0</R>
        <G>0</G>
        <B>0</B>
        <A>1</A>
      </Color>
      <Rect>
        <X>44</X>
        <Y>702</Y>
        <W>2</W>
        <H>10</H>
        <Z>-1.25</Z>
      </Rect>
    </Static>
    <Static Name="StaticLyricHelper">
      <Skin>LyricHelper</Skin>
      <Color Name="LyricHelper" />
      <Rect>
        <X>40</X>
        <Y>600</Y>
        <W>45</W>
        <H>45</H>
        <Z>-1</Z>
      </Rect>
    </Static>
    <Static Name="StaticLyricHelperDuet">
      <Skin>LyricHelper</Skin>
      <Color Name="LyricHelper" />
      <Rect>
        <X>40</X>
        <Y>12</Y>
        <W>45</W>
        <H>45</H>
        <Z>-1</Z>
      </Rect>
    </Static>
    <Static Name="StaticLyricHelperTop">
      <Skin>LyricHelper</Skin>
      <Color Name="LyricHelper" />
      <Rect>
        <X>40</X>
        <Y>12</Y>
        <W>45</W>
        <H>45</H>
        <Z>-1</Z>
      </Rect>
    </Static>
    <Static Name="StaticPauseBG">
      <Skin>PauseBG</Skin>
      <Color Name="Visible" />
      <Rect>
        <X>0</X>
        <Y>0</Y>
        <W>1280</W>
        <H>720</H>
        <Z>-2.1</Z>
      </Rect>
    </Static>
    <Static Name="StaticScoreP1N1">
      <Skin/>
      <Color Name="Invisible" />
      <Rect>
        <X>1150</X>
        <Y>350</Y>
        <W>100</W>
        <H>50</H>
        <Z>-0.75</Z>
      </Rect>
    </Static>
    <Static Name="StaticAvatarP1N1">
      <Skin/>
      <Color>
        <R>1</R>
        <G>1</G>
        <B>1</B>
        <A>0.4</A>
      </Color>
      <Rect>
        <X>40</X>
        <Y>360</Y>
        <W>190</W>
        <H>190</H>
        <Z>-0.75</Z>
      </Rect>
    </Static>
    <Static Name="StaticScoreP1N2">
      <Skin/>
      <Color Name="Invisible" />
      <Rect>
        <X>1150</X>
        <Y>150</Y>
        <W>100</W>
        <H>50</H>
        <Z>-0.75</Z>
      </Rect>
    </Static>
    <Static Name="StaticAvatarP1N2">
      <Skin/>
      <Color>
        <R>1</R>
        <G>1</G>
        <B>1</B>
        <A>0.4</A>
      </Color>
      <Rect>
        <X>40</X>
        <Y>160</Y>
        <W>165</W>
        <H>165</H>
        <Z>-0.75</Z>
      </Rect>
    </Static>
    <Static Name="StaticScoreP2N2">
      <Skin/>
      <Color Name="Invisible" />
      <Rect>
        <X>1150</X>
        <Y>350</Y>
        <W>100</W>
        <H>50</H>
        <Z>-0.75</Z>
      </Rect>
    </Static>
    <Static Name="StaticAvatarP2N2">
      <Skin/>
      <Color>
        <R>1</R>
        <G>1</G>
        <B>1</B>
        <A>0.4</A>
      </Color>
      <Rect>
        <X>40</X>
        <Y>360</Y>
        <W>165</W>
        <H>165</H>
        <Z>-0.75</Z>
      </Rect>
    </Static>
    <Static Name="StaticScoreP1N3">
      <Skin/>
      <Color Name="Invisible" />
      <Rect>
        <X>1150</X>
        <Y>10</Y>
        <W>100</W>
        <H>50</H>
        <Z>-0.75</Z>
      </Rect>
    </Static>
    <Static Name="StaticAvatarP1N3">
      <Skin/>
      <Color>
        <R>1</R>
        <G>1</G>
        <B>1</B>
        <A>0.4</A>
      </Color>
      <Rect>
        <X>40</X>
        <Y>111</Y>
        <W>140</W>
        <H>140</H>
        <Z>-0.75</Z>
      </Rect>
    </Static>
    <Static Name="StaticScoreP2N3">
      <Skin/>
      <Color Name="Invisible" />
      <Rect>
        <X>1150</X>
        <Y>210</Y>
        <W>100</W>
        <H>50</H>
        <Z>-0.75</Z>
      </Rect>
    </Static>
    <Static Name="StaticAvatarP2N3">
      <Skin/>
      <Color>
        <R>1</R>
        <G>1</G>
        <B>1</B>
        <A>0.4</A>
      </Color>
      <Rect>
        <X>40</X>
        <Y>274</Y>
        <W>140</W>
        <H>140</H>
        <Z>-0.75</Z>
      </Rect>
    </Static>
    <Static Name="StaticScoreP3N3">
      <Skin/>
      <Color Name="Invisible" />
      <Rect>
        <X>1150</X>
        <Y>410</Y>
        <W>100</W>
        <H>50</H>
        <Z>-0.75</Z>
      </Rect>
    </Static>
    <Static Name="StaticAvatarP3N3">
      <Skin/>
      <Color>
        <R>1</R>
        <G>1</G>
        <B>1</B>
        <A>0.4</A>
      </Color>
      <Rect>
        <X>40</X>
        <Y>442</Y>
        <W>140</W>
        <H>140</H>
        <Z>-0.75</Z>
      </Rect>
    </Static>
    <Static Name="StaticScoreP1N4">
      <Skin/>
      <Color Name="Invisible" />
      <Rect>
        <X>528</X>
        <Y>150</Y>
        <W>100</W>
        <H>50</H>
        <Z>-0.75</Z>
      </Rect>
    </Static>
    <Static Name="StaticAvatarP1N4">
      <Skin/>
      <Color>
        <R>1</R>
        <G>1</G>
        <B>1</B>
        <A>0.4</A>
      </Color>
      <Rect>
        <X>40</X>
        <Y>160</Y>
        <W>165</W>
        <H>165</H>
        <Z>-0.75</Z>
      </Rect>
    </Static>
    <Static Name="StaticScoreP2N4">
      <Skin/>
      <Color Name="Invisible" />
      <Rect>
        <X>528</X>
        <Y>350</Y>
        <W>100</W>
        <H>50</H>
        <Z>-0.75</Z>
      </Rect>
    </Static>
    <Static Name="StaticAvatarP2N4">
      <Skin/>
      <Color>
        <R>1</R>
        <G>1</G>
        <B>1</B>
        <A>0.4</A>
      </Color>
      <Rect>
        <X>40</X>
        <Y>360</Y>
        <W>165</W>
        <H>165</H>
        <Z>-0.75</Z>
      </Rect>
    </Static>
    <Static Name="StaticScoreP3N4">
      <Skin/>
      <Color Name="Invisible" />
      <Rect>
        <X>1150</X>
        <Y>150</Y>
        <W>100</W>
        <H>50</H>
        <Z>-0.75</Z>
      </Rect>
    </Static>
    <Static Name="StaticAvatarP3N4">
      <Skin/>
      <Color>
        <R>1</R>
        <G>1</G>
        <B>1</B>
        <A>0.4</A>
      </Color>
      <Rect>
        <X>1103</X>
        <Y>160</Y>
        <W>165</W>
        <H>165</H>
        <Z>-0.75</Z>
      </Rect>
    </Static>
    <Static Name="StaticScoreP4N4">
      <Skin/>
      <Color Name="Invisible" />
      <Rect>
        <X>1150</X>
        <Y>350</Y>
        <W>100</W>
        <H>50</H>
        <Z>-0.75</Z>
      </Rect>
    </Static>
    <Static Name="StaticAvatarP4N4">
      <Skin/>
      <Color>
        <R>1</R>
        <G>1</G>
        <B>1</B>
        <A>0.4</A>
      </Color>
      <Rect>
        <X>1103</X>
        <Y>360</Y>
        <W>165</W>
        <H>165</H>
        <Z>-0.75</Z>
      </Rect>
    </Static>
    <Static Name="StaticScoreP1N5">
      <Skin/>
      <Color Name="Invisible" />
      <Rect>
        <X>528</X>
        <Y>10</Y>
        <W>100</W>
        <H>50</H>
        <Z>-0.75</Z>
      </Rect>
    </Static>
    <Static Name="StaticAvatarP1N5">
      <Skin/>
      <Color>
        <R>1</R>
        <G>1</G>
        <B>1</B>
        <A>0.4</A>
      </Color>
      <Rect>
        <X>40</X>
        <Y>111</Y>
        <W>140</W>
        <H>140</H>
        <Z>-0.75</Z>
      </Rect>
    </Static>
    <Static Name="StaticScoreP2N5">
      <Skin/>
      <Color Name="Invisible" />
      <Rect>
        <X>528</X>
        <Y>210</Y>
        <W>100</W>
        <H>50</H>
        <Z>-0.75</Z>
      </Rect>
    </Static>
    <Static Name="StaticAvatarP2N5">
      <Skin/>
      <Color>
        <R>1</R>
        <G>1</G>
        <B>1</B>
        <A>0.4</A>
      </Color>
      <Rect>
        <X>40</X>
        <Y>274</Y>
        <W>140</W>
        <H>140</H>
        <Z>-0.75</Z>
      </Rect>
    </Static>
    <Static Name="StaticScoreP3N5">
      <Skin/>
      <Color Name="Invisible" />
      <Rect>
        <X>528</X>
        <Y>410</Y>
        <W>100</W>
        <H>50</H>
        <Z>-0.75</Z>
      </Rect>
    </Static>
    <Static Name="StaticAvatarP3N5">
      <Skin/>
      <Color>
        <R>1</R>
        <G>1</G>
        <B>1</B>
        <A>0.4</A>
      </Color>
      <Rect>
        <X>40</X>
        <Y>442</Y>
        <W>140</W>
        <H>140</H>
        <Z>-0.75</Z>
      </Rect>
    </Static>
    <Static Name="StaticScoreP4N5">
      <Skin/>
      <Color Name="Invisible" />
      <Rect>
        <X>1150</X>
        <Y>150</Y>
        <W>100</W>
        <H>50</H>
        <Z>-0.75</Z>
      </Rect>
    </Static>
    <Static Name="StaticAvatarP4N5">
      <Skin/>
      <Color>
        <R>1</R>
        <G>1</G>
        <B>1</B>
        <A>0.4</A>
      </Color>
      <Rect>
        <X>1103</X>
        <Y>160</Y>
        <W>165</W>
        <H>165</H>
        <Z>-0.75</Z>
      </Rect>
    </Static>
    <Static Name="StaticScoreP5N5">
      <Skin/>
      <Color Name="Invisible" />
      <Rect>
        <X>1150</X>
        <Y>350</Y>
        <W>100</W>
        <H>50</H>
        <Z>-0.75</Z>
      </Rect>
    </Static>
    <Static Name="StaticAvatarP5N5">
      <Skin/>
      <Color>
        <R>1</R>
        <G>1</G>
        <B>1</B>
        <A>0.4</A>
      </Color>
      <Rect>
        <X>1103</X>
        <Y>360</Y>
        <W>165</W>
        <H>165</H>
        <Z>-0.75</Z>
      </Rect>
    </Static>
    <Static Name="StaticScoreP1N6">
      <Skin/>
      <Color Name="Invisible" />
      <Rect>
        <X>528</X>
        <Y>10</Y>
        <W>100</W>
        <H>50</H>
        <Z>-0.75</Z>
      </Rect>
    </Static>
    <Static Name="StaticAvatarP1N6">
      <Skin/>
      <Color>
        <R>1</R>
        <G>1</G>
        <B>1</B>
        <A>0.4</A>
      </Color>
      <Rect>
        <X>40</X>
        <Y>111</Y>
        <W>140</W>
        <H>140</H>
        <Z>-0.75</Z>
      </Rect>
    </Static>
    <Static Name="StaticScoreP2N6">
      <Skin/>
      <Color Name="Invisible" />
      <Rect>
        <X>528</X>
        <Y>210</Y>
        <W>100</W>
        <H>50</H>
        <Z>-0.75</Z>
      </Rect>
    </Static>
    <Static Name="StaticAvatarP2N6">
      <Skin/>
      <Color>
        <R>1</R>
        <G>1</G>
        <B>1</B>
        <A>0.4</A>
      </Color>
      <Rect>
        <X>40</X>
        <Y>274</Y>
        <W>140</W>
        <H>140</H>
        <Z>-0.75</Z>
      </Rect>
    </Static>
    <Static Name="StaticScoreP3N6">
      <Skin/>
      <Color Name="Invisible" />
      <Rect>
        <X>528</X>
        <Y>410</Y>
        <W>100</W>
        <H>50</H>
        <Z>-0.75</Z>
      </Rect>
    </Static>
    <Static Name="StaticAvatarP3N6">
      <Skin/>
      <Color>
        <R>1</R>
        <G>1</G>
        <B>1</B>
        <A>0.4</A>
      </Color>
      <Rect>
        <X>40</X>
        <Y>442</Y>
        <W>140</W>
        <H>140</H>
        <Z>-0.75</Z>
      </Rect>
    </Static>
    <Static Name="StaticScoreP4N6">
      <Skin/>
      <Color Name="Invisible" />
      <Rect>
        <X>1150</X>
        <Y>10</Y>
        <W>100</W>
        <H>50</H>
        <Z>-0.75</Z>
      </Rect>
    </Static>
    <Static Name="StaticAvatarP4N6">
      <Skin/>
      <Color>
        <R>1</R>
        <G>1</G>
        <B>1</B>
        <A>0.4</A>
      </Color>
      <Rect>
        <X>1103</X>
        <Y>111</Y>
        <W>140</W>
        <H>140</H>
        <Z>-0.75</Z>
      </Rect>
    </Static>
    <Static Name="StaticScoreP5N6">
      <Skin/>
      <Color Name="Invisible" />
      <Rect>
        <X>1150</X>
        <Y>210</Y>
        <W>100</W>
        <H>50</H>
        <Z>-0.75</Z>
      </Rect>
    </Static>
    <Static Name="StaticAvatarP5N6">
      <Skin/>
      <Color>
        <R>1</R>
        <G>1</G>
        <B>1</B>
        <A>0.4</A>
      </Color>
      <Rect>
        <X>1103</X>
        <Y>274</Y>
        <W>140</W>
        <H>140</H>
        <Z>-0.75</Z>
      </Rect>
    </Static>
    <Static Name="StaticScoreP6N6">
      <Skin/>
      <Color Name="Invisible" />
      <Rect>
        <X>1150</X>
        <Y>410</Y>
        <W>100</W>
        <H>50</H>
        <Z>-0.75</Z>
      </Rect>
    </Static>
    <Static Name="StaticAvatarP6N6">
      <Skin/>
      <Color>
        <R>1</R>
        <G>1</G>
        <B>1</B>
        <A>0.4</A>
      </Color>
      <Rect>
        <X>1103</X>
        <Y>442</Y>
        <W>140</W>
        <H>140</H>
        <Z>-0.75</Z>
      </Rect>
    </Static>
  </Statics>
  <Texts>
    <Text Name="TextSongName">
      <X>640</X>
      <Y>20</Y>
      <Z>-2</Z>
      <H>27</H>
      <MaxW>880</MaxW>
      <Color Name="Black" />
      <SelColor Name="Black" />
      <Align>Center</Align>
      <ResizeAlign>Center</ResizeAlign>
      <Style>Bold</Style>
      <Font>Normal</Font>
      <Text />
    </Text>
    <Text Name="TextTime">
      <X>1214</X>
      <Y>697</Y>
      <Z>-1</Z>
      <H>20</H>
      <MaxW>0</MaxW>
      <Color Name="White" />
      <SelColor Name="White" />
      <Align>Right</Align>
      <ResizeAlign>Center</ResizeAlign>
      <Style>Bold</Style>
      <Font>Normal</Font>
      <Text />
    </Text>
    <Text Name="TextPause">
      <X>640</X>
      <Y>170</Y>
      <Z>-2.11</Z>
      <H>90</H>
      <MaxW>0</MaxW>
      <Color Name="StaticColor" />
      <SelColor Name="TextSelColor" />
      <Align>Center</Align>
      <ResizeAlign>Center</ResizeAlign>
      <Style>Bold</Style>
      <Font>Normal</Font>
      <Text>TR_SCREENSING_PAUSE</Text>
    </Text>
    <Text Name="TextDuetName1">
      <X>40</X>
      <Y>80</Y>
      <Z>-1</Z>
      <H>30</H>
      <MaxW>0</MaxW>
      <Color Name="TextSelColor" />
      <SelColor Name="TextSelColor" />
      <Align>Left</Align>
      <ResizeAlign>Center</ResizeAlign>
      <Style>Bold</Style>
      <Font>Outline</Font>
      <Text />
    </Text>
    <Text Name="TextDuetName2">
      <X>40</X>
      <Y>585</Y>
      <Z>-1</Z>
      <H>30</H>
      <MaxW>0</MaxW>
      <Color Name="TextSelColor" />
      <SelColor Name="TextSelColor" />
      <Align>Left</Align>
      <ResizeAlign>Center</ResizeAlign>
      <Style>Bold</Style>
      <Font>Outline</Font>
      <Text />
    </Text>
    <Text Name="TextMedleyCountdown">
      <X>640</X>
      <Y>20</Y>
      <Z>-1</Z>
      <H>27</H>
      <MaxW>0</MaxW>
      <Color Name="TextColor" />
      <SelColor Name="TextSelColor" />
      <Align>Left</Align>
      <ResizeAlign>Center</ResizeAlign>
      <Style>Bold</Style>
      <Font>Outline</Font>
      <Text />
    </Text>
    <Text Name="TextScoreP1N1">
      <X>1240</X>
      <Y>355</Y>
      <Z>-1</Z>
      <H>198</H>
      <MaxW>0</MaxW>
      <Color Name="Player1"><A>0.4</A></Color>
      <SelColor Name="TextSelColor" />
      <Align>Right</Align>
      <ResizeAlign>Center</ResizeAlign>
      <Style>Bold</Style>
      <Font>Normal</Font>
      <Text />
    </Text>
    <Text Name="TextNameP1N1">
      <X>110</X>
      <Y>513</Y>
      <Z>-1</Z>
      <H>28</H>
      <MaxW>0</MaxW>
      <Color>
        <R>1</R>
        <G>1</G>
        <B>1</B>
        <A>0.4</A>
      </Color>
      <SelColor Name="TextSelColor" />
      <Align>Center</Align>
      <ResizeAlign>Center</ResizeAlign>
      <Style>Bold</Style>
      <Font>Outline</Font>
      <Text />
    </Text>
    <Text Name="TextScoreP1N2">
      <X>1240</X>
      <Y>155</Y>
      <Z>-1</Z>
      <H>173</H>
      <MaxW>0</MaxW>
      <Color Name="Player1"><A>0.4</A></Color>
      <SelColor Name="Player1" />
      <Align>Right</Align>
      <ResizeAlign>Center</ResizeAlign>
      <Style>Bold</Style>
      <Font>Normal</Font>
      <Text />
    </Text>
    <Text Name="TextNameP1N2">
      <X>110</X>
      <Y>288</Y>
      <Z>-1</Z>
      <H>28</H>
      <MaxW>0</MaxW>
      <Color>
        <R>1</R>
        <G>1</G>
        <B>1</B>
        <A>0.4</A>
      </Color>
      <SelColor Name="Player1" />
      <Align>Center</Align>
      <ResizeAlign>Center</ResizeAlign>
      <Style>Bold</Style>
      <Font>Outline</Font>
      <Text />
    </Text>
    <Text Name="TextScoreP2N2">
      <X>1240</X>
      <Y>355</Y>
      <Z>-1</Z>
      <H>173</H>
      <MaxW>0</MaxW>
      <Color Name="Player2"><A>0.4</A></Color>
      <SelColor Name="Player2" />
      <Align>Right</Align>
      <ResizeAlign>Center</ResizeAlign>
      <Style>Bold</Style>
      <Font>Normal</Font>
      <Text />
    </Text>
    <Text Name="TextNameP2N2">
      <X>110</X>
      <Y>488</Y>
      <Z>-1</Z>
      <H>28</H>
      <MaxW>0</MaxW>
      <Color>
        <R>1</R>
        <G>1</G>
        <B>1</B>
        <A>0.4</A>
      </Color>
      <SelColor Name="Player2" />
      <Align>Center</Align>
      <ResizeAlign>Center</ResizeAlign>
      <Style>Bold</Style>
      <Font>Outline</Font>
      <Text />
    </Text>
    <Text Name="TextScoreP1N3">
      <X>1240</X>
      <Y>106</Y>
      <Z>-1</Z>
      <H>148</H>
      <MaxW>0</MaxW>
      <Color Name="Player1"><A>0.4</A></Color>
      <SelColor Name="Player1" />
      <Align>Right</Align>
      <ResizeAlign>Center</ResizeAlign>
      <Style>Bold</Style>
      <Font>Normal</Font>
      <Text />
    </Text>
    <Text Name="TextNameP1N3">
      <X>110</X>
      <Y>219</Y>
      <Z>-1</Z>
      <H>28</H>
      <MaxW>0</MaxW>
      <Color>
        <R>1</R>
        <G>1</G>
        <B>1</B>
        <A>0.4</A>
      </Color>
      <SelColor Name="Player1" />
      <Align>Center</Align>
      <ResizeAlign>Center</ResizeAlign>
      <Style>Bold</Style>
      <Font>Outline</Font>
      <Text />
    </Text>
    <Text Name="TextScoreP2N3">
      <X>1240</X>
      <Y>269</Y>
      <Z>-1</Z>
      <H>148</H>
      <MaxW>0</MaxW>
      <Color Name="Player2"><A>0.4</A></Color>
      <SelColor Name="Player2" />
      <Align>Right</Align>
      <ResizeAlign>Center</ResizeAlign>
      <Style>Bold</Style>
      <Font>Normal</Font>
      <Text />
    </Text>
    <Text Name="TextNameP2N3">
      <X>110</X>
      <Y>382</Y>
      <Z>-1</Z>
      <H>28</H>
      <MaxW>0</MaxW>
      <Color>
        <R>1</R>
        <G>1</G>
        <B>1</B>
        <A>0.4</A>
      </Color>
      <SelColor Name="Player2" />
      <Align>Center</Align>
      <ResizeAlign>Center</ResizeAlign>
      <Style>Bold</Style>
      <Font>Outline</Font>
      <Text />
    </Text>
    <Text Name="TextScoreP3N3">
      <X>1240</X>
      <Y>437</Y>
      <Z>-1</Z>
      <H>148</H>
      <MaxW>0</MaxW>
      <Color Name="Player3"><A>0.4</A></Color>
      <SelColor Name="Player3" />
      <Align>Right</Align>
      <ResizeAlign>Center</ResizeAlign>
      <Style>Bold</Style>
      <Font>Normal</Font>
      <Text />
    </Text>
    <Text Name="TextNameP3N3">
      <X>110</X>
      <Y>550</Y>
      <Z>-1</Z>
      <H>28</H>
      <MaxW>0</MaxW>
      <Color>
        <R>1</R>
        <G>1</G>
        <B>1</B>
        <A>0.4</A>
      </Color>
      <SelColor Name="Player3" />
      <Align>Center</Align>
      <ResizeAlign>Center</ResizeAlign>
      <Style>Bold</Style>
      <Font>Outline</Font>
      <Text />
    </Text>
    <Text Name="TextScoreP1N4">
      <X>324</X>
      <Y>155</Y>
      <Z>-1</Z>
      <H>173</H>
      <MaxW>0</MaxW>
      <Color Name="Player1"><A>0.4</A></Color>
      <SelColor Name="Player1" />
      <Align>Center</Align>
      <ResizeAlign>Center</ResizeAlign>
      <Style>Bold</Style>
      <Font>Normal</Font>
      <Text />
    </Text>
    <Text Name="TextNameP1N4">
      <X>110</X>
      <Y>288</Y>
      <Z>-1</Z>
      <H>28</H>
      <MaxW>0</MaxW>
      <Color>
        <R>1</R>
        <G>1</G>
        <B>1</B>
        <A>0.4</A>
      </Color>
      <SelColor Name="Player1" />
      <Align>Center</Align>
      <ResizeAlign>Center</ResizeAlign>
      <Style>Bold</Style>
      <Font>Outline</Font>
      <Text />
    </Text>
    <Text Name="TextScoreP2N4">
      <X>324</X>
      <Y>355</Y>
      <Z>-1</Z>
      <H>173</H>
      <MaxW>0</MaxW>
      <Color Name="Player2"><A>0.4</A></Color>
      <SelColor Name="Player2" />
      <Align>Center</Align>
      <ResizeAlign>Center</ResizeAlign>
      <Style>Bold</Style>
      <Font>Normal</Font>
      <Text />
    </Text>
    <Text Name="TextNameP2N4">
      <X>110</X>
      <Y>488</Y>
      <Z>-1</Z>
      <H>28</H>
      <MaxW>0</MaxW>
      <Color>
        <R>1</R>
        <G>1</G>
        <B>1</B>
        <A>0.4</A>
      </Color>
      <SelColor Name="Player2" />
      <Align>Center</Align>
      <ResizeAlign>Center</ResizeAlign>
      <Style>Bold</Style>
      <Font>Outline</Font>
      <Text />
    </Text>
    <Text Name="TextScoreP3N4">
      <X>967</X>
      <Y>155</Y>
      <Z>-1</Z>
      <H>173</H>
      <MaxW>0</MaxW>
      <Color Name="Player3"><A>0.4</A></Color>
      <SelColor Name="Player3" />
      <Align>Center</Align>
      <ResizeAlign>Center</ResizeAlign>
      <Style>Bold</Style>
      <Font>Normal</Font>
      <Text />
    </Text>
    <Text Name="TextNameP3N4">
      <X>1173</X>
      <Y>288</Y>
      <Z>-1</Z>
      <H>28</H>
      <MaxW>0</MaxW>
      <Color>
        <R>1</R>
        <G>1</G>
        <B>1</B>
        <A>0.4</A>
      </Color>
      <SelColor Name="Player3" />
      <Align>Center</Align>
      <ResizeAlign>Center</ResizeAlign>
      <Style>Bold</Style>
      <Font>Outline</Font>
      <Text />
    </Text>
    <Text Name="TextScoreP4N4">
      <X>967</X>
      <Y>355</Y>
      <Z>-1</Z>
      <H>173</H>
      <MaxW>0</MaxW>
      <Color Name="Player4"><A>0.4</A></Color>
      <SelColor Name="Player4" />
      <Align>Center</Align>
      <ResizeAlign>Center</ResizeAlign>
      <Style>Bold</Style>
      <Font>Normal</Font>
      <Text />
    </Text>
    <Text Name="TextNameP4N4">
      <X>1173</X>
      <Y>488</Y>
      <Z>-1</Z>
      <H>28</H>
      <MaxW>0</MaxW>
      <Color>
        <R>1</R>
        <G>1</G>
        <B>1</B>
        <A>0.4</A>
      </Color>
      <SelColor Name="Player4" />
      <Align>Center</Align>
      <ResizeAlign>Center</ResizeAlign>
      <Style>Bold</Style>
      <Font>Outline</Font>
      <Text />
    </Text>
    <Text Name="TextScoreP1N5">
      <X>324</X>
      <Y>106</Y>
      <Z>-1</Z>
      <H>148</H>
      <MaxW>0</MaxW>
      <Color Name="Player1"><A>0.4</A></Color>
      <SelColor Name="Player1" />
      <Align>Center</Align>
      <ResizeAlign>Center</ResizeAlign>
      <Style>Bold</Style>
      <Font>Normal</Font>
      <Text />
    </Text>
    <Text Name="TextNameP1N5">
      <X>110</X>
      <Y>219</Y>
      <Z>-1</Z>
      <H>28</H>
      <MaxW>0</MaxW>
      <Color>
        <R>1</R>
        <G>1</G>
        <B>1</B>
        <A>0.4</A>
      </Color>
      <SelColor Name="Player1" />
      <Align>Center</Align>
      <ResizeAlign>Center</ResizeAlign>
      <Style>Bold</Style>
      <Font>Outline</Font>
      <Text />
    </Text>
    <Text Name="TextScoreP2N5">
      <X>324</X>
      <Y>269</Y>
      <Z>-1</Z>
      <H>148</H>
      <MaxW>0</MaxW>
      <Color Name="Player2"><A>0.4</A></Color>
      <SelColor Name="Player2" />
      <Align>Center</Align>
      <ResizeAlign>Center</ResizeAlign>
      <Style>Bold</Style>
      <Font>Normal</Font>
      <Text />
    </Text>
    <Text Name="TextNameP2N5">
      <X>110</X>
      <Y>382</Y>
      <Z>-1</Z>
      <H>28</H>
      <MaxW>0</MaxW>
      <Color>
        <R>1</R>
        <G>1</G>
        <B>1</B>
        <A>0.4</A>
      </Color>
      <SelColor Name="Player2" />
      <Align>Center</Align>
      <ResizeAlign>Center</ResizeAlign>
      <Style>Bold</Style>
      <Font>Outline</Font>
      <Text />
    </Text>
    <Text Name="TextScoreP3N5">
      <X>324</X>
      <Y>437</Y>
      <Z>-1</Z>
      <H>148</H>
      <MaxW>0</MaxW>
      <Color Name="Player3"><A>0.4</A></Color>
      <SelColor Name="Player3" />
      <Align>Center</Align>
      <ResizeAlign>Center</ResizeAlign>
      <Style>Bold</Style>
      <Font>Normal</Font>
      <Text />
    </Text>
    <Text Name="TextNameP3N5">
      <X>110</X>
      <Y>550</Y>
      <Z>-1</Z>
      <H>28</H>
      <MaxW>0</MaxW>
      <Color>
        <R>1</R>
        <G>1</G>
        <B>1</B>
        <A>0.4</A>
      </Color>
      <SelColor Name="Player3" />
      <Align>Center</Align>
      <ResizeAlign>Center</ResizeAlign>
      <Style>Bold</Style>
      <Font>Outline</Font>
      <Text />
    </Text>
    <Text Name="TextScoreP4N5">
      <X>967</X>
      <Y>155</Y>
      <Z>-1</Z>
      <H>173</H>
      <MaxW>0</MaxW>
      <Color Name="Player4"><A>0.4</A></Color>
      <SelColor Name="Player4" />
      <Align>Center</Align>
      <ResizeAlign>Center</ResizeAlign>
      <Style>Bold</Style>
      <Font>Normal</Font>
      <Text />
    </Text>
    <Text Name="TextNameP4N5">
      <X>1173</X>
      <Y>288</Y>
      <Z>-1</Z>
      <H>28</H>
      <MaxW>0</MaxW>
      <Color>
        <R>1</R>
        <G>1</G>
        <B>1</B>
        <A>0.4</A>
      </Color>
      <SelColor Name="Player4" />
      <Align>Center</Align>
      <ResizeAlign>Center</ResizeAlign>
      <Style>Bold</Style>
      <Font>Outline</Font>
      <Text />
    </Text>
    <Text Name="TextScoreP5N5">
      <X>967</X>
      <Y>355</Y>
      <Z>-1</Z>
      <H>173</H>
      <MaxW>0</MaxW>
      <Color Name="Player5"><A>0.4</A></Color>
      <SelColor Name="Player5" />
      <Align>Center</Align>
      <ResizeAlign>Center</ResizeAlign>
      <Style>Bold</Style>
      <Font>Normal</Font>
      <Text />
    </Text>
    <Text Name="TextNameP5N5">
      <X>1173</X>
      <Y>488</Y>
      <Z>-1</Z>
      <H>28</H>
      <MaxW>0</MaxW>
      <Color>
        <R>1</R>
        <G>1</G>
        <B>1</B>
        <A>0.4</A>
      </Color>
      <SelColor Name="Player5" />
      <Align>Center</Align>
      <ResizeAlign>Center</ResizeAlign>
      <Style>Bold</Style>
      <Font>Outline</Font>
      <Text />
    </Text>
    <Text Name="TextScoreP1N6">
      <X>324</X>
      <Y>106</Y>
      <Z>-1</Z>
      <H>148</H>
      <MaxW>0</MaxW>
      <Color Name="Player1"><A>0.4</A></Color>
      <SelColor Name="Player1" />
      <Align>Center</Align>
      <ResizeAlign>Center</ResizeAlign>
      <Style>Bold</Style>
      <Font>Normal</Font>
      <Text />
    </Text>
    <Text Name="TextNameP1N6">
      <X>110</X>
      <Y>219</Y>
      <Z>-1</Z>
      <H>28</H>
      <MaxW>0</MaxW>
      <Color>
        <R>1</R>
        <G>1</G>
        <B>1</B>
        <A>0.4</A>
      </Color>
      <SelColor Name="Player1" />
      <Align>Center</Align>
      <ResizeAlign>Center</ResizeAlign>
      <Style>Bold</Style>
      <Font>Outline</Font>
      <Text />
    </Text>
    <Text Name="TextScoreP2N6">
      <X>324</X>
      <Y>269</Y>
      <Z>-1</Z>
      <H>148</H>
      <MaxW>0</MaxW>
      <Color Name="Player2"><A>0.4</A></Color>
      <SelColor Name="Player2" />
      <Align>Center</Align>
      <ResizeAlign>Center</ResizeAlign>
      <Style>Bold</Style>
      <Font>Normal</Font>
      <Text />
    </Text>
    <Text Name="TextNameP2N6">
      <X>110</X>
      <Y>382</Y>
      <Z>-1</Z>
      <H>28</H>
      <MaxW>0</MaxW>
      <Color>
        <R>1</R>
        <G>1</G>
        <B>1</B>
        <A>0.4</A>
      </Color>
      <SelColor Name="Player2" />
      <Align>Center</Align>
      <ResizeAlign>Center</ResizeAlign>
      <Style>Bold</Style>
      <Font>Outline</Font>
      <Text />
    </Text>
    <Text Name="TextScoreP3N6">
      <X>324</X>
      <Y>437</Y>
      <Z>-1</Z>
      <H>148</H>
      <MaxW>0</MaxW>
      <Color Name="Player3"><A>0.4</A></Color>
      <SelColor Name="Player3" />
      <Align>Center</Align>
      <ResizeAlign>Center</ResizeAlign>
      <Style>Bold</Style>
      <Font>Normal</Font>
      <Text />
    </Text>
    <Text Name="TextNameP3N6">
      <X>110</X>
      <Y>550</Y>
      <Z>-1</Z>
      <H>28</H>
      <MaxW>0</MaxW>
      <Color>
        <R>1</R>
        <G>1</G>
        <B>1</B>
        <A>0.4</A>
      </Color>
      <SelColor Name="Player3" />
      <Align>Center</Align>
      <ResizeAlign>Center</ResizeAlign>
      <Style>Bold</Style>
      <Font>Outline</Font>
      <Text />
    </Text>
    <Text Name="TextScoreP4N6">
      <X>967</X>
      <Y>106</Y>
      <Z>-1</Z>
      <H>148</H>
      <MaxW>0</MaxW>
      <Color Name="Player4"><A>0.4</A></Color>
      <SelColor Name="Player4" />
      <Align>Center</Align>
      <ResizeAlign>Center</ResizeAlign>
      <Style>Bold</Style>
      <Font>Normal</Font>
      <Text />
    </Text>
    <Text Name="TextNameP4N6">
      <X>1173</X>
      <Y>219</Y>
      <Z>-1</Z>
      <H>28</H>
      <MaxW>0</MaxW>
      <Color>
        <R>1</R>
        <G>1</G>
        <B>1</B>
        <A>0.4</A>
      </Color>
      <SelColor Name="Player4" />
      <Align>Center</Align>
      <ResizeAlign>Center</ResizeAlign>
      <Style>Bold</Style>
      <Font>Outline</Font>
      <Text />
    </Text>
    <Text Name="TextScoreP5N6">
      <X>967</X>
      <Y>269</Y>
      <Z>-1</Z>
      <H>148</H>
      <MaxW>0</MaxW>
      <Color Name="Player5"><A>0.4</A></Color>
      <SelColor Name="Player5" />
      <Align>Center</Align>
      <ResizeAlign>Center</ResizeAlign>
      <Style>Bold</Style>
      <Font>Normal</Font>
      <Text />
    </Text>
    <Text Name="TextNameP5N6">
      <X>1173</X>
      <Y>382</Y>
      <Z>-1</Z>
      <H>28</H>
      <MaxW>0</MaxW>
      <Color>
        <R>1</R>
        <G>1</G>
        <B>1</B>
        <A>0.4</A>
      </Color>
      <SelColor Name="Player5" />
      <Align>Center</Align>
      <ResizeAlign>Center</ResizeAlign>
      <Style>Bold</Style>
      <Font>Outline</Font>
      <Text />
    </Text>
    <Text Name="TextScoreP6N6">
      <X>967</X>
      <Y>437</Y>
      <Z>-1</Z>
      <H>148</H>
      <MaxW>0</MaxW>
      <Color Name="Player6"><A>0.4</A></Color>
      <SelColor Name="Player6" />
      <Align>Center</Align>
      <ResizeAlign>Center</ResizeAlign>
      <Style>Bold</Style>
      <Font>Normal</Font>
      <Text />
    </Text>
    <Text Name="TextNameP6N6">
      <X>1173</X>
      <Y>550</Y>
      <Z>-1</Z>
      <H>28</H>
      <MaxW>0</MaxW>
      <Color>
        <R>1</R>
        <G>1</G>
        <B>1</B>
        <A>0.4</A>
      </Color>
      <SelColor Name="Player6" />
      <Align>Center</Align>
      <ResizeAlign>Center</ResizeAlign>
      <Style>Bold</Style>
      <Font>Outline</Font>
      <Text />
    </Text>
  </Texts>
  <Buttons>
    <Button Name="ButtonCancel">
      <Skin>Button</Skin>
      <SkinSelected>Button</SkinSelected>
      <Rect>
        <X>775</X>
        <Y>300</Y>
        <W>150</W>
        <H>50</H>
        <Z>-2.11</Z>
      </Rect>
      <Color Name="ButtonColor" />
      <SelColor Name="ButtonSelColor" />
      <Text Name="Text">
        <X>75</X>
        <Y>12</Y>
        <Z>0</Z>
        <H>27</H>
        <MaxW>142</MaxW>
        <Color Name="ButtonTextColor" />
        <SelColor Name="ButtonTextSelColor" />
        <Align>Center</Align>
        <ResizeAlign>Center</ResizeAlign>
        <Style>Bold</Style>
        <Font>Outline</Font>
        <Text>TR_SCREENSING_BUTTON_CANCEL</Text>
      </Text>
      <Reflection>
        <Height>26</Height>
        <Space>10</Space>
      </Reflection>
      <SelReflection>
        <Height>26</Height>
        <Space>10</Space>
      </SelReflection>
    </Button>
    <Button Name="ButtonContinue">
      <Skin>Button</Skin>
      <SkinSelected>Button</SkinSelected>
      <Rect>
        <X>355</X>
        <Y>300</Y>
        <W>150</W>
        <H>50</H>
        <Z>-2.11</Z>
      </Rect>
      <Color Name="ButtonColor" />
      <SelColor Name="ButtonSelColor" />
      <Text Name="Text">
        <X>75</X>
        <Y>12</Y>
        <Z>0</Z>
        <H>27</H>
        <MaxW>142</MaxW>
        <Color Name="ButtonTextColor" />
        <SelColor Name="ButtonTextSelColor" />
        <Align>Center</Align>
        <ResizeAlign>Center</ResizeAlign>
        <Style>Bold</Style>
        <Font>Outline</Font>
        <Text>TR_SCREENSING_BUTTON_CONTINUE</Text>
      </Text>
      <Reflection>
        <Height>26</Height>
        <Space>10</Space>
      </Reflection>
      <SelReflection>
        <Height>26</Height>
        <Space>10</Space>
      </SelReflection>
    </Button>
    <Button Name="ButtonSkip">
      <Skin>Button</Skin>
      <SkinSelected>Button</SkinSelected>
      <Rect>
        <X>565</X>
        <Y>300</Y>
        <W>150</W>
        <H>50</H>
        <Z>-2.11</Z>
      </Rect>
      <Color Name="ButtonColor" />
      <SelColor Name="ButtonSelColor" />
      <Text Name="Text">
        <X>75</X>
        <Y>12</Y>
        <Z>0</Z>
        <H>27</H>
        <MaxW>142</MaxW>
        <Color Name="ButtonTextColor" />
        <SelColor Name="ButtonTextSelColor" />
        <Align>Center</Align>
        <ResizeAlign>Center</ResizeAlign>
        <Style>Bold</Style>
        <Font>Outline</Font>
        <Text>TR_SCREENSING_BUTTON_SKIP</Text>
      </Text>
      <Reflection>
        <Height>26</Height>
        <Space>10</Space>
      </Reflection>
      <SelReflection>
        <Height>26</Height>
        <Space>10</Space>
      </SelReflection>
    </Button>
  </Buttons>
  <SongMenus />
  <Lyrics>
    <Lyric Name="LyricMain">
      <Rect>
        <X>637</X>
        <Y>600</Y>
        <W>1200</W>
        <H>42</H>
        <Z>-1</Z>
      </Rect>
      <Color Name="LyricMainColor" />
      <ProcessedColor Name="LyricProcessedColor" />
    </Lyric>
    <Lyric Name="LyricSub">
      <Rect>
        <X>637</X>
        <Y>642</Y>
        <W>1200</W>
        <H>38</H>
        <Z>-1</Z>
      </Rect>
      <Color Name="LyricSubColor" />
      <ProcessedColor Name="LyricProcessedColor" />
    </Lyric>
    <Lyric Name="LyricMainDuet">
      <Rect>
        <X>637</X>
        <Y>12</Y>
        <W>1200</W>
        <H>42</H>
        <Z>-1</Z>
      </Rect>
      <Color Name="LyricMainColor" />
      <ProcessedColor Name="LyricProcessedColor" />
    </Lyric>
    <Lyric Name="LyricSubDuet">
      <Rect>
        <X>637</X>
        <Y>54</Y>
        <W>1200</W>
        <H>38</H>
        <Z>-1</Z>
      </Rect>
      <Color Name="LyricSubColor" />
      <ProcessedColor Name="LyricProcessedColor" />
    </Lyric>
    <Lyric Name="LyricMainTop">
      <Rect>
        <X>637</X>
        <Y>12</Y>
        <W>1200</W>
        <H>42</H>
        <Z>-1</Z>
      </Rect>
      <Color Name="LyricMainColor" />
      <ProcessedColor Name="LyricProcessedColor" />
    </Lyric>
    <Lyric Name="LyricSubTop">
      <Rect>
        <X>637</X>
        <Y>54</Y>
        <W>1200</W>
        <H>38</H>
        <Z>-1</Z>
      </Rect>
      <Color Name="LyricSubColor" />
      <ProcessedColor Name="LyricProcessedColor" />
    </Lyric>
  </Lyrics>
  <SelectSlides />
  <SingNotes>
    <SingBar Name="SingBars">
      <SkinLeft>NoteLeft</SkinLeft>
      <SkinMiddle>NoteMiddle</SkinMiddle>
      <SkinRight>NoteRight</SkinRight>
      <SkinBackgroundLeft>NoteBackgroundLeft</SkinBackgroundLeft>
      <SkinBackgroundMiddle>NoteBackgroundMiddle</SkinBackgroundMiddle>
      <SkinBackgroundRight>NoteBackgroundRight</SkinBackgroundRight>
      <SkinGoldenStar>Star</SkinGoldenStar>
      <SkinToneHelper>ToneHelper</SkinToneHelper>
      <SkinPerfectNoteStart>PerfectNoteStar</SkinPerfectNoteStart>
      <BarPositions>
        <Position Name="P1N1">
          <Rect>
            <X>35</X>
            <Y>350</Y>
            <W>1210</W>
            <H>200</H>
            <Z>-1.5</Z>
          </Rect>
        </Position>
        <Position Name="P1N2">
          <Rect>
            <X>35</X>
            <Y>150</Y>
            <W>1210</W>
            <H>175</H>
            <Z>-1.5</Z>
          </Rect>
        </Position>
        <Position Name="P2N2">
          <Rect>
            <X>35</X>
            <Y>350</Y>
            <W>1210</W>
            <H>175</H>
            <Z>-1.5</Z>
          </Rect>
        </Position>
        <Position Name="P1N3">
          <Rect>
            <X>35</X>
            <Y>105</Y>
            <W>1210</W>
            <H>150</H>
            <Z>-1.5</Z>
          </Rect>
        </Position>
        <Position Name="P2N3">
          <Rect>
            <X>35</X>
            <Y>268</Y>
            <W>1210</W>
            <H>150</H>
            <Z>-1.5</Z>
          </Rect>
        </Position>
        <Position Name="P3N3">
          <Rect>
            <X>35</X>
            <Y>436</Y>
            <W>1210</W>
            <H>150</H>
            <Z>-1.5</Z>
          </Rect>
        </Position>
        <Position Name="P1N4">
          <Rect>
            <X>35</X>
            <Y>150</Y>
            <W>578</W>
            <H>175</H>
            <Z>-1.5</Z>
          </Rect>
        </Position>
        <Position Name="P2N4">
          <Rect>
            <X>35</X>
            <Y>350</Y>
            <W>578</W>
            <H>175</H>
            <Z>-1.5</Z>
          </Rect>
        </Position>
        <Position Name="P3N4">
          <Rect>
            <X>678</X>
            <Y>150</Y>
            <W>578</W>
            <H>175</H>
            <Z>-1.5</Z>
          </Rect>
        </Position>
        <Position Name="P4N4">
          <Rect>
            <X>678</X>
            <Y>350</Y>
            <W>578</W>
            <H>175</H>
            <Z>-1.5</Z>
          </Rect>
        </Position>
        <Position Name="P1N5">
          <Rect>
            <X>35</X>
            <Y>105</Y>
            <W>578</W>
            <H>150</H>
            <Z>-1.5</Z>
          </Rect>
        </Position>
        <Position Name="P2N5">
          <Rect>
            <X>35</X>
            <Y>268</Y>
            <W>578</W>
            <H>150</H>
            <Z>-1.5</Z>
          </Rect>
        </Position>
        <Position Name="P3N5">
          <Rect>
            <X>35</X>
            <Y>436</Y>
            <W>578</W>
            <H>150</H>
            <Z>-1.5</Z>
          </Rect>
        </Position>
        <Position Name="P4N5">
          <Rect>
            <X>678</X>
            <Y>150</Y>
            <W>578</W>
            <H>175</H>
            <Z>-1.5</Z>
          </Rect>
        </Position>
        <Position Name="P5N5">
          <Rect>
            <X>678</X>
            <Y>350</Y>
            <W>578</W>
            <H>175</H>
            <Z>-1.5</Z>
          </Rect>
        </Position>
        <Position Name="P1N6">
          <Rect>
            <X>35</X>
            <Y>105</Y>
            <W>578</W>
            <H>150</H>
            <Z>-1.5</Z>
          </Rect>
        </Position>
        <Position Name="P2N6">
          <Rect>
            <X>35</X>
            <Y>268</Y>
            <W>578</W>
            <H>150</H>
            <Z>-1.5</Z>
          </Rect>
        </Position>
        <Position Name="P3N6">
          <Rect>
            <X>35</X>
            <Y>436</Y>
            <W>578</W>
            <H>150</H>
            <Z>-1.5</Z>
          </Rect>
        </Position>
        <Position Name="P4N6">
          <Rect>
            <X>678</X>
            <Y>105</Y>
            <W>578</W>
            <H>150</H>
            <Z>-1.5</Z>
          </Rect>
        </Position>
        <Position Name="P5N6">
          <Rect>
            <X>678</X>
            <Y>268</Y>
            <W>578</W>
            <H>150</H>
            <Z>-1.5</Z>
          </Rect>
        </Position>
        <Position Name="P6N6">
          <Rect>
            <X>678</X>
            <Y>436</Y>
            <W>578</W>
            <H>150</H>
            <Z>-1.5</Z>
          </Rect>
        </Position>
      </BarPositions>
    </SingBar>
  </SingNotes>
  <NameSelections />
  <Equalizers />
  <Playlists />
  <ParticleEffects />
  <ScreenSettings />
</Screen>
