<?xml version="1.0" encoding="utf-8"?>
<Screen xmlns:xsd="http://www.w3.org/2001/XMLSchema" xmlns:xsi="http://www.w3.org/2001/XMLSchema-instance">
  <Informations>
    <ScreenName>ScreenSong</ScreenName>
    <ScreenVersion>5</ScreenVersion>
  </Informations>
  <Backgrounds>
    <Background Name="Background1">
      <Type>Video</Type>
      <SlideShowTextures />
      <Video>BG_Video</Video>
      <Skin>BG_Default</Skin>
      <Color Name="BackgroundColor" />
    </Background>
  </Backgrounds>
  <Statics>
    <Static Name="Static1">
      <Skin>SongMenu</Skin>
      <Color Name="StaticColor" />
      <Rect>
        <X>40</X>
        <Y>600</Y>
        <W>1200</W>
        <H>50</H>
        <Z>0</Z>
      </Rect>
      <Reflection>
        <Height>26</Height>
        <Space>10</Space>
      </Reflection>
    </Static>
    <Static Name="StaticSearchBar">
      <Skin>Menu</Skin>
      <Color Name="StaticColor" />
      <Rect>
        <X>40</X>
        <Y>600</Y>
        <W>1200</W>
        <H>50</H>
        <Z>0</Z>
      </Rect>
      <Reflection>
        <Height>26</Height>
        <Space>10</Space>
      </Reflection>
    </Static>
    <Static Name="StaticOptionsBG">
      <Skin>SongMenuBG</Skin>
      <Color Name="White"/>
      <Rect>
        <X>40</X>
        <Y>40</Y>
        <W>360</W>
        <H>360</H>
        <Z>-2.1</Z>
      </Rect>
    </Static>
  </Statics>
  <Texts>
    <Text Name="TextPlayer1">
      <X>1070</X>
      <Y>65</Y>
      <Z>-2.11</Z>
      <H>42</H>
      <MaxW>350</MaxW>
      <Color Name="Player1" />
      <SelColor Name="Player1" />
      <Align>Left</Align>
      <ResizeAlign>Center</ResizeAlign>
      <Style>Bold</Style>
      <Font>Outline</Font>
      <Text />
    </Text>
    <Text Name="TextPlayer2">
      <X>1070</X>
      <Y>135</Y>
      <Z>-2.11</Z>
      <H>42</H>
      <MaxW>350</MaxW>
      <Color Name="Player2" />
      <SelColor Name="Player2" />
      <Align>Left</Align>
      <ResizeAlign>Center</ResizeAlign>
      <Style>Bold</Style>
      <Font>Outline</Font>
      <Text />
    </Text>
    <Text Name="TextPlayer3">
      <X>1070</X>
      <Y>205</Y>
      <Z>-2.11</Z>
      <H>42</H>
      <MaxW>350</MaxW>
      <Color Name="Player3" />
      <SelColor Name="Player3" />
      <Align>Left</Align>
      <ResizeAlign>Center</ResizeAlign>
      <Style>Bold</Style>
      <Font>Outline</Font>
      <Text />
    </Text>
    <Text Name="TextPlayer4">
      <X>1070</X>
      <Y>275</Y>
      <Z>-2.11</Z>
      <H>42</H>
      <MaxW>350</MaxW>
      <Color Name="Player4" />
      <SelColor Name="Player4" />
      <Align>Left</Align>
      <ResizeAlign>Center</ResizeAlign>
      <Style>Bold</Style>
      <Font>Outline</Font>
      <Text />
    </Text>
    <Text Name="TextPlayer5">
      <X>1070</X>
      <Y>345</Y>
      <Z>-2.11</Z>
      <H>42</H>
      <MaxW>350</MaxW>
      <Color Name="Player5" />
      <SelColor Name="Player5" />
      <Align>Left</Align>
      <ResizeAlign>Center</ResizeAlign>
      <Style>Bold</Style>
      <Font>Outline</Font>
      <Text />
    </Text>
    <Text Name="TextPlayer6">
      <X>1070</X>
      <Y>415</Y>
      <Z>-2.11</Z>
      <H>42</H>
      <MaxW>350</MaxW>
      <Color Name="Player6" />
      <SelColor Name="Player6" />
      <Align>Left</Align>
      <ResizeAlign>Center</ResizeAlign>
      <Style>Bold</Style>
      <Font>Outline</Font>
      <Text />
    </Text>
    <Text Name="TextCategory">
      <X>220</X>
      <Y>612</Y>
      <Z>0</Z>
      <H>27</H>
      <MaxW>340</MaxW>
      <Color Name="StaticColor" />
      <SelColor Name="TextSelColor" />
      <Align>Center</Align>
      <ResizeAlign>Center</ResizeAlign>
      <Style>Bold</Style>
      <Font>Outline</Font>
      <Text />
      <Reflection>
        <Height>26</Height>
        <Space>24</Space>
      </Reflection>
    </Text>
    <Text Name="TextSelection">
      <X>825</X>
      <Y>612</Y>
      <Z>0</Z>
      <H>27</H>
      <MaxW>830</MaxW>
      <Color Name="StaticColor" />
      <SelColor Name="TextSelColor" />
      <Align>Center</Align>
      <ResizeAlign>Center</ResizeAlign>
      <Style>Bold</Style>
      <Font>Outline</Font>
      <Text />
      <Reflection>
        <Height>26</Height>
        <Space>24</Space>
      </Reflection>
    </Text>
    <Text Name="TextSearchBarTitle">
      <X>400</X>
      <Y>612</Y>
      <Z>0</Z>
      <H>27</H>
      <MaxW>0</MaxW>
      <Color Name="StaticColor" />
      <SelColor Name="TextSelColor" />
      <Align>Right</Align>
      <ResizeAlign>Center</ResizeAlign>
      <Style>Bold</Style>
      <Font>Outline</Font>
      <Text>TR_SCREENSONG_SEARCH</Text>
    </Text>
    <Text Name="TextSearchBar">
      <X>410</X>
      <Y>612</Y>
      <Z>0</Z>
      <H>27</H>
      <MaxW>0</MaxW>
      <Color Name="StaticColor" />
      <SelColor Name="TextSelColor" />
      <Align>Left</Align>
      <ResizeAlign>Center</ResizeAlign>
      <Style>Bold</Style>
      <Font>Outline</Font>
      <Text />
    </Text>
    <Text Name="TextOptionsTitle">
      <X>220</X>
      <Y>47</Y>
      <Z>-2.11</Z>
      <H>34</H>
      <MaxW>350</MaxW>
      <Color Name="StaticColor" />
      <SelColor Name="TextSelColor" />
      <Align>Center</Align>
      <ResizeAlign>Center</ResizeAlign>
      <Style>Bold</Style>
      <Font>Outline</Font>
      <Text>TR_SCREENSONG_SONGOPTIONS</Text>
    </Text>
  </Texts>
  <Buttons>
    <Button Name="ButtonJoker1">
      <Skin>Random</Skin>
      <SkinSelected>Random</SkinSelected>
      <Rect>
        <X>980</X>
        <Y>50</Y>
        <W>80</W>
        <H>80</H>
        <Z>-1.01</Z>
      </Rect>
      <Color Name="Player1" ><A>0.5</A></Color>
      <SelColor Name="Player1" />
      <Text Name="Text">
        <X>40</X>
        <Y>23</Y>
        <Z>0</Z>
        <H>34</H>
        <MaxW>60</MaxW>
        <Color Name="ButtonTextColor" />
        <SelColor Name="ButtonTextSelColor" />
        <Align>Center</Align>
        <ResizeAlign>Center</ResizeAlign>
        <Style>Bold</Style>
        <Font>Outline</Font>
        <Text />
      </Text>
    </Button>
    <Button Name="ButtonJoker2">
      <Skin>Random</Skin>
      <SkinSelected>Random</SkinSelected>
      <Rect>
        <X>980</X>
        <Y>120</Y>
        <W>80</W>
        <H>80</H>
        <Z>-1.01</Z>
      </Rect>
      <Color Name="Player2" ><A>0.5</A></Color>
      <SelColor Name="Player2" />
      <Text Name="Text">
        <X>40</X>
        <Y>23</Y>
        <Z>0</Z>
        <H>34</H>
        <MaxW>60</MaxW>
        <Color Name="ButtonTextColor" />
        <SelColor Name="ButtonTextSelColor" />
        <Align>Center</Align>
        <ResizeAlign>Center</ResizeAlign>
        <Style>Bold</Style>
        <Font>Outline</Font>
        <Text />
      </Text>
    </Button>
    <Button Name="ButtonJoker3">
      <Skin>Random</Skin>
      <SkinSelected>Random</SkinSelected>
      <Rect>
        <X>980</X>
        <Y>190</Y>
        <W>80</W>
        <H>80</H>
        <Z>-1.01</Z>
      </Rect>
      <Color Name="Player3" ><A>0.5</A></Color>
      <SelColor Name="Player3" />
      <Text Name="Text">
        <X>40</X>
        <Y>23</Y>
        <Z>0</Z>
        <H>34</H>
        <MaxW>60</MaxW>
        <Color Name="ButtonTextColor" />
        <SelColor Name="ButtonTextSelColor" />
        <Align>Center</Align>
        <ResizeAlign>Center</ResizeAlign>
        <Style>Bold</Style>
        <Font>Outline</Font>
        <Text />
      </Text>
    </Button>
    <Button Name="ButtonJoker4">
      <Skin>Random</Skin>
      <SkinSelected>Random</SkinSelected>
      <Rect>
        <X>980</X>
        <Y>260</Y>
        <W>80</W>
        <H>80</H>
        <Z>-1.01</Z>
      </Rect>
      <Color Name="Player4" ><A>0.5</A></Color>
      <SelColor Name="Player4" />
      <Text Name="Text">
        <X>40</X>
        <Y>23</Y>
        <Z>0</Z>
        <H>34</H>
        <MaxW>60</MaxW>
        <Color Name="ButtonTextColor" />
        <SelColor Name="ButtonTextSelColor" />
        <Align>Center</Align>
        <ResizeAlign>Center</ResizeAlign>
        <Style>Bold</Style>
        <Font>Outline</Font>
        <Text />
      </Text>
    </Button>
    <Button Name="ButtonJoker5">
      <Skin>Random</Skin>
      <SkinSelected>Random</SkinSelected>
      <Rect>
        <X>980</X>
        <Y>330</Y>
        <W>80</W>
        <H>80</H>
        <Z>-1.01</Z>
      </Rect>
      <Color Name="Player5" ><A>0.5</A></Color>
      <SelColor Name="Player5" />
      <Text Name="Text">
        <X>40</X>
        <Y>23</Y>
        <Z>0</Z>
        <H>34</H>
        <MaxW>60</MaxW>
        <Color Name="ButtonTextColor" />
        <SelColor Name="ButtonTextSelColor" />
        <Align>Center</Align>
        <ResizeAlign>Center</ResizeAlign>
        <Style>Bold</Style>
        <Font>Outline</Font>
        <Text />
      </Text>
    </Button>
    <Button Name="ButtonJoker6">
      <Skin>Random</Skin>
      <SkinSelected>Random</SkinSelected>
      <Rect>
        <X>980</X>
        <Y>400</Y>
        <W>80</W>
        <H>80</H>
        <Z>-1.01</Z>
      </Rect>
      <Color Name="Player6" ><A>0.5</A></Color>
      <SelColor Name="Player6" />
      <Text Name="Text">
        <X>40</X>
        <Y>23</Y>
        <Z>0</Z>
        <H>34</H>
        <MaxW>60</MaxW>
        <Color Name="ButtonTextColor" />
        <SelColor Name="ButtonTextSelColor" />
        <Align>Center</Align>
        <ResizeAlign>Center</ResizeAlign>
        <Style>Bold</Style>
        <Font>Outline</Font>
        <Text />
      </Text>
    </Button>
    <Button Name="ButtonOptionsClose">
      <Skin>Button</Skin>
      <SkinSelected>Button</SkinSelected>
      <Rect>
        <X>40</X>
        <Y>360</Y>
        <W>360</W>
        <H>40</H>
        <Z>-2.11</Z>
      </Rect>
      <Color Name="ButtonColor" />
      <SelColor Name="ButtonSelColor" />
      <Text Name="Text">
        <X>180</X>
        <Y>7</Y>
        <Z>0</Z>
        <H>25</H>
        <MaxW>350</MaxW>
        <Color Name="ButtonTextColor" />
        <SelColor Name="ButtonTextSelColor" />
        <Align>Center</Align>
        <ResizeAlign>Center</ResizeAlign>
        <Style>Bold</Style>
        <Font>Outline</Font>
        <Text>TR_SCREENSONG_BUTTON_CANCEL</Text>
      </Text>
    </Button>
    <Button Name="ButtonOptionsPlaylist">
      <Skin>Button</Skin>
      <SkinSelected>Button</SkinSelected>
      <Rect>
        <X>40</X>
        <Y>235</Y>
        <W>360</W>
        <H>40</H>
        <Z>-2.11</Z>
      </Rect>
      <Color Name="ButtonColor" />
      <SelColor Name="ButtonSelColor" />
      <Text Name="Text">
        <X>180</X>
        <Y>7</Y>
        <Z>0</Z>
        <H>25</H>
        <MaxW>350</MaxW>
        <Color Name="ButtonTextColor" />
        <SelColor Name="ButtonTextSelColor" />
        <Align>Center</Align>
        <ResizeAlign>Center</ResizeAlign>
        <Style>Bold</Style>
        <Font>Outline</Font>
        <Text>TR_SCREENSONG_BUTTON_PLAYLIST</Text>
      </Text>
    </Button>
    <Button Name="ButtonOptionsSing">
      <Skin>Button</Skin>
      <SkinSelected>Button</SkinSelected>
      <Rect>
        <X>40</X>
        <Y>90</Y>
        <W>360</W>
        <H>40</H>
        <Z>-2.11</Z>
      </Rect>
      <Color Name="ButtonColor" />
      <SelColor Name="ButtonSelColor" />
      <Text Name="Text">
        <X>180</X>
        <Y>7</Y>
        <Z>0</Z>
        <H>25</H>
        <MaxW>350</MaxW>
        <Color Name="ButtonTextColor" />
        <SelColor Name="ButtonTextSelColor" />
        <Align>Center</Align>
        <ResizeAlign>Center</ResizeAlign>
        <Style>Bold</Style>
        <Font>Outline</Font>
        <Text>TR_SCREENSONG_BUTTON_SING</Text>
      </Text>
    </Button>
    <Button Name="ButtonOptionsRandom">
      <Skin>Button</Skin>
      <SkinSelected>Button</SkinSelected>
      <Rect>
        <X>40</X>
        <Y>90</Y>
        <W>360</W>
        <H>40</H>
        <Z>-2.11</Z>
      </Rect>
      <Color Name="ButtonColor" />
      <SelColor Name="ButtonSelColor" />
      <Text Name="Text">
        <X>180</X>
        <Y>7</Y>
        <Z>0</Z>
        <H>25</H>
        <MaxW>350</MaxW>
        <Color Name="ButtonTextColor" />
        <SelColor Name="ButtonTextSelColor" />
        <Align>Center</Align>
        <ResizeAlign>Center</ResizeAlign>
        <Style>Bold</Style>
        <Font>Outline</Font>
        <Text>TR_SCREENSONG_BUTTON_RANDOM</Text>
      </Text>
    </Button>
    <Button Name="ButtonOptionsRandomCategory">
      <Skin>Button</Skin>
      <SkinSelected>Button</SkinSelected>
      <Rect>
        <X>40</X>
        <Y>90</Y>
        <W>360</W>
        <H>40</H>
        <Z>-2.11</Z>
      </Rect>
      <Color Name="ButtonColor" />
      <SelColor Name="ButtonSelColor" />
      <Text Name="Text">
        <X>180</X>
        <Y>7</Y>
        <Z>0</Z>
        <H>25</H>
        <MaxW>350</MaxW>
        <Color Name="ButtonTextColor" />
        <SelColor Name="ButtonTextSelColor" />
        <Align>Center</Align>
        <ResizeAlign>Center</ResizeAlign>
        <Style>Bold</Style>
        <Font>Outline</Font>
        <Text>TR_SCREENSONG_BUTTON_RANDOMCAT</Text>
      </Text>
    </Button>
    <Button Name="ButtonOptionsSingAll">
      <Skin>Button</Skin>
      <SkinSelected>Button</SkinSelected>
      <Rect>
        <X>40</X>
        <Y>225</Y>
        <W>360</W>
        <H>40</H>
        <Z>-2.11</Z>
      </Rect>
      <Color Name="ButtonColor" />
      <SelColor Name="ButtonSelColor" />
      <Text Name="Text">
        <X>180</X>
        <Y>7</Y>
        <Z>0</Z>
        <H>25</H>
        <MaxW>350</MaxW>
        <Color Name="ButtonTextColor" />
        <SelColor Name="ButtonTextSelColor" />
        <Align>Center</Align>
        <ResizeAlign>Center</ResizeAlign>
        <Style>Bold</Style>
        <Font>Outline</Font>
        <Text>TR_SCREENSONG_BUTTON_SINGALL</Text>
      </Text>
    </Button>
    <Button Name="ButtonOptionsSingAllVisible">
      <Skin>Button</Skin>
      <SkinSelected>Button</SkinSelected>
      <Rect>
        <X>40</X>
        <Y>270</Y>
        <W>360</W>
        <H>40</H>
        <Z>-2.11</Z>
      </Rect>
      <Color Name="ButtonColor" />
      <SelColor Name="ButtonSelColor" />
      <Text Name="Text">
        <X>180</X>
        <Y>7</Y>
        <Z>0</Z>
        <H>25</H>
        <MaxW>350</MaxW>
        <Color Name="ButtonTextColor" />
        <SelColor Name="ButtonTextSelColor" />
        <Align>Center</Align>
        <ResizeAlign>Center</ResizeAlign>
        <Style>Bold</Style>
        <Font>Outline</Font>
        <Text>TR_SCREENSONG_BUTTON_SINGALLVISIBLE</Text>
      </Text>
    </Button>
    <Button Name="ButtonOptionsOpenSelectedItem">
      <Skin>Button</Skin>
      <SkinSelected>Button</SkinSelected>
      <Rect>
        <X>40</X>
        <Y>135</Y>
        <W>360</W>
        <H>40</H>
        <Z>-2.11</Z>
      </Rect>
      <Color Name="ButtonColor" />
      <SelColor Name="ButtonSelColor" />
      <Text Name="Text">
        <X>180</X>
        <Y>7</Y>
        <Z>0</Z>
        <H>25</H>
        <MaxW>350</MaxW>
        <Color Name="ButtonTextColor" />
        <SelColor Name="ButtonTextSelColor" />
        <Align>Center</Align>
        <ResizeAlign>Center</ResizeAlign>
        <Style>Bold</Style>
        <Font>Outline</Font>
        <Text>TR_SCREENSONG_BUTTON_OPEN_SELECTED_ITEM</Text>
      </Text>
    </Button>
    <Button Name="ButtonOpenOptions">
      <Skin/>
      <SkinSelected />
      <Rect>
        <X>40</X>
        <Y>40</Y>
        <W>360</W>
        <H>360</H>
        <Z>-1.01</Z>
      </Rect>
      <Color Name="Invisible" />
      <SelColor Name="Invisible" />
      <Text Name="Text">
        <X>180</X>
        <Y>7</Y>
        <Z>0</Z>
        <H>25</H>
        <MaxW>350</MaxW>
        <Color Name="ButtonTextColor" />
        <SelColor Name="ButtonTextSelColor" />
        <Align>Center</Align>
        <ResizeAlign>Center</ResizeAlign>
        <Style>Bold</Style>
        <Font>Outline</Font>
        <Text />
      </Text>
    </Button>
    <Button Name="ButtonStart">
      <Skin>Button</Skin>
      <SkinSelected>Button</SkinSelected>
      <Rect>
        <X>985</X>
        <Y>500</Y>
        <W>150</W>
        <H>50</H>
        <Z>0</Z>
      </Rect>
      <Color Name="ButtonColor" />
      <SelColor Name="ButtonSelColor" />
      <Text Name="Text">
        <X>75</X>
        <Y>12</Y>
        <Z>0</Z>
        <H>27</H>
        <MaxW>142</MaxW>
        <Color Name="ButtonTextColor" />
        <SelColor Name="ButtonTextSelColor" />
        <Align>Center</Align>
        <ResizeAlign>Center</ResizeAlign>
        <Style>Bold</Style>
        <Font>Outline</Font>
        <Text>TR_BUTTON_START</Text>
      </Text>
      <Reflection>
        <Height>26</Height>
        <Space>10</Space>
      </Reflection>
      <SelReflection>
        <Height>26</Height>
        <Space>10</Space>
      </SelReflection>
    </Button>
    <Button Name="ButtonOptionsRandomMedley">
      <Skin>Button</Skin>
      <SkinSelected>Button</SkinSelected>
      <Rect>
        <X>40</X>
        <Y>315</Y>
        <W>360</W>
        <H>40</H>
        <Z>-2.11</Z>
      </Rect>
      <Color Name="ButtonColor" />
      <SelColor Name="ButtonSelColor" />
      <Text Name="Text">
        <X>180</X>
        <Y>7</Y>
        <Z>0</Z>
        <H>25</H>
        <MaxW>350</MaxW>
        <Color Name="ButtonTextColor" />
        <SelColor Name="ButtonTextSelColor" />
        <Align>Center</Align>
        <ResizeAlign>Center</ResizeAlign>
        <Style>Bold</Style>
        <Font>Outline</Font>
        <Text>TR_SCREENSONG_BUTTON_RANDOMMEDLEY</Text>
      </Text>
    </Button>
    <Button Name="ButtonOptionsStartMedley">
      <Skin>Button</Skin>
      <SkinSelected>Button</SkinSelected>
      <Rect>
        <X>40</X>
        <Y>135</Y>
        <W>360</W>
        <H>40</H>
        <Z>-2.11</Z>
      </Rect>
      <Color Name="ButtonColor" />
      <SelColor Name="ButtonSelColor" />
      <Text Name="Text">
        <X>180</X>
        <Y>7</Y>
        <Z>0</Z>
        <H>25</H>
        <MaxW>350</MaxW>
        <Color Name="ButtonTextColor" />
        <SelColor Name="ButtonTextSelColor" />
        <Align>Center</Align>
        <ResizeAlign>Center</ResizeAlign>
        <Style>Bold</Style>
        <Font>Outline</Font>
        <Text>TR_SCREENSONG_BUTTON_STARTMEDLEY</Text>
      </Text>
    </Button>
  </Buttons>
  <SongMenus>
    <SongMenu Name="SongMenu">
      <CoverBackground>CoverTile</CoverBackground>
      <CoverBigBackground>CoverBackground</CoverBigBackground>
      <DuetIcon>DuetIcon</DuetIcon>
      <VideoIcon>VideoIcon</VideoIcon>
      <MedleyCalcIcon>MedleyCalcIcon</MedleyCalcIcon>
      <MedleyTagIcon>MedleyTagIcon</MedleyTagIcon>
      <Color>
        <R>1</R>
        <G>1</G>
        <B>1</B>
        <A>0.2</A>
      </Color>
      <SongMenuTileBoard>
        <NumW>6</NumW>
        <NumH>4</NumH>
        <NumWsmall>4</NumWsmall>
        <NumHsmall>4</NumHsmall>
        <SpaceW>10</SpaceW>
        <SpaceH>10</SpaceH>
        <TileRect>
          <X>410</X>
          <Y>40</Y>
          <W>830</W>
          <H>550</H>
          <Z>-1</Z>
        </TileRect>
        <TileRectSmall>
          <X>410</X>
          <Y>40</Y>
          <W>550</W>
          <H>550</H>
          <Z>-1</Z>
        </TileRectSmall>
        <TextArtist Name="TextArtist">
          <X>222</X>
          <Y>416</Y>
          <Z>-1.01</Z>
          <H>39</H>
          <MaxW>340</MaxW>
          <Color Name="StaticColor" />
          <SelColor Name="TextSelColor" />
          <Align>Center</Align>
          <ResizeAlign>Top</ResizeAlign>
          <Style>Bold</Style>
          <Font>Outline</Font>
          <Text />
            </TextArtist>
        <TextTitle Name="TextTitle">
          <X>222</X>
          <Y>456</Y>
          <Z>-1.01</Z>
          <H>32</H>
          <MaxW>340</MaxW>
          <Color Name="StaticColor" />
          <SelColor Name="TextSelColor" />
          <Align>Center</Align>
          <ResizeAlign>Top</ResizeAlign>
          <Style>Bold</Style>
          <Font>Outline</Font>
          <Text />
            </TextTitle>
        <TextSongLength Name="TextSongLength">
          <X>222</X>
          <Y>490</Y>
          <Z>-1.01</Z>
          <H>28</H>
          <MaxW>340</MaxW>
          <Color Name="StaticColor" />
          <SelColor Name="TextSelColor" />
          <Align>Center</Align>
          <ResizeAlign>Top</ResizeAlign>
          <Style>Bold</Style>
          <Font>Outline</Font>
          <Text />
            </TextSongLength>
        <StaticCoverBig Name="StaticCoverBig">
          <Skin>CoverBackground</Skin>
          <Color Name="Visible" />
          <Rect>
            <X>40</X>
            <Y>40</Y>
            <W>360</W>
            <H>360</H>
            <Z>-1</Z>
          </Rect>
            </StaticCoverBig>
        <StaticTextBG Name="StaticTextBG">
          <Skin>CoverBackground</Skin>
          <Color Name="StaticColor" />
          <Rect>
            <X>40</X>
            <Y>40</Y>
            <W>360</W>
            <H>550</H>
            <Z>-1</Z>
          </Rect>
            </StaticTextBG>
        <StaticDuetIcon Name="StaticDuetIcon">
          <Skin>DuetIcon</Skin>
          <Color Name="StaticColor" />
          <Rect>
            <X>200</X>
            <Y>530</Y>
            <W>40</W>
            <H>40</H>
            <Z>-1</Z>
          </Rect>
            </StaticDuetIcon>
        <StaticVideoIcon Name="StaticVideoIcon">
          <Skin>VideoIcon</Skin>
          <Color Name="StaticColor" />
          <Rect>
            <X>120</X>
            <Y>530</Y>
            <W>40</W>
            <H>40</H>
            <Z>-1</Z>
          </Rect>
            </StaticVideoIcon>
        <StaticMedleyCalcIcon Name="StaticMedleyCalcIcon">
          <Skin>MedleyCalcIcon</Skin>
          <Color Name="StaticColor" />
          <Rect>
            <X>280</X>
            <Y>530</Y>
            <W>40</W>
            <H>40</H>
            <Z>-1</Z>
          </Rect>
            </StaticMedleyCalcIcon>
        <StaticMedleyTagIcon Name="StaticMedleyTagIcon">
          <Skin>MedleyTagIcon</Skin>
          <Color Name="StaticColor" />
          <Rect>
            <X>280</X>
            <Y>530</Y>
            <W>40</W>
            <H>40</H>
            <Z>-1</Z>
          </Rect>
            </StaticMedleyTagIcon>
      </SongMenuTileBoard>
    </SongMenu>
  </SongMenus>
  <Lyrics />
  <SelectSlides>
    <SelectSlide Name="SelectSlideOptionsMode">
      <Skin>Button</Skin>
      <SkinArrowLeft>SelectSlideArrowLeft</SkinArrowLeft>
      <SkinArrowRight>SelectSlideArrowRight</SkinArrowRight>
      <SkinSelected>SelectSlide</SkinSelected>
      <SkinArrowLeftSelected>SelectSlideArrowLeft</SkinArrowLeftSelected>
      <SkinArrowRightSelected>SelectSlideArrowRight</SkinArrowRightSelected>
      <Rect>
        <X>40</X>
        <Y>135</Y>
        <W>360</W>
        <H>40</H>
        <Z>-2.11</Z>
      </Rect>
      <RectArrowLeft>
        <X>45</X>
        <Y>140</Y>
        <W>30</W>
        <H>30</H>
        <Z>-2.12</Z>
      </RectArrowLeft>
      <RectArrowRight>
        <X>365</X>
        <Y>140</Y>
        <W>30</W>
        <H>30</H>
        <Z>-2.12</Z>
      </RectArrowRight>
      <Color Name="ButtonColor" />
      <SelColor Name="ButtonSelColor" />
      <ArrowColor Name="ArrowColor" />
      <ArrowSelColor Name="ArrowSelColor" />
      <TextColor Name="TextColor" />
      <TextSelColor Name="TextSelColor" />
      <TextH>25</TextH>
      <TextRelativeX>50</TextRelativeX>
      <TextRelativeY>0</TextRelativeY>
      <TextMaxW>280</TextMaxW>
      <TextFont>Outline</TextFont>
      <TextStyle>Bold</TextStyle>
      <NumVisible>1</NumVisible>
    </SelectSlide>
    <SelectSlide Name="SelectSlideOptionsPlaylistAdd">
      <Skin>Button</Skin>
      <SkinArrowLeft>SelectSlideArrowLeft</SkinArrowLeft>
      <SkinArrowRight>SelectSlideArrowRight</SkinArrowRight>
      <SkinSelected>SelectSlide</SkinSelected>
      <SkinArrowLeftSelected>SelectSlideArrowLeft</SkinArrowLeftSelected>
      <SkinArrowRightSelected>SelectSlideArrowRight</SkinArrowRightSelected>
      <Rect>
        <X>40</X>
        <Y>190</Y>
        <W>360</W>
        <H>40</H>
        <Z>-2.11</Z>
      </Rect>
      <RectArrowLeft>
        <X>45</X>
        <Y>195</Y>
        <W>30</W>
        <H>30</H>
        <Z>-2.12</Z>
      </RectArrowLeft>
      <RectArrowRight>
        <X>365</X>
        <Y>195</Y>
        <W>30</W>
        <H>30</H>
        <Z>-2.12</Z>
      </RectArrowRight>
      <Color Name="ButtonColor" />
      <SelColor Name="ButtonSelColor" />
      <ArrowColor Name="ArrowColor" />
      <ArrowSelColor Name="ArrowSelColor" />
      <TextColor Name="TextColor" />
      <TextSelColor Name="TextSelColor" />
      <TextH>25</TextH>
      <TextRelativeX>50</TextRelativeX>
      <TextRelativeY>0</TextRelativeY>
      <TextMaxW>280</TextMaxW>
      <TextFont>Outline</TextFont>
      <TextStyle>Bold</TextStyle>
      <NumVisible>1</NumVisible>
    </SelectSlide>
    <SelectSlide Name="SelectSlideOptionsPlaylistOpen">
      <Skin>Button</Skin>
      <SkinArrowLeft>SelectSlideArrowLeft</SkinArrowLeft>
      <SkinArrowRight>SelectSlideArrowRight</SkinArrowRight>
      <SkinSelected>SelectSlide</SkinSelected>
      <SkinArrowLeftSelected>SelectSlideArrowLeft</SkinArrowLeftSelected>
      <SkinArrowRightSelected>SelectSlideArrowRight</SkinArrowRightSelected>
      <Rect>
        <X>40</X>
        <Y>180</Y>
        <W>360</W>
        <H>40</H>
        <Z>-2.11</Z>
      </Rect>
      <RectArrowLeft>
        <X>45</X>
        <Y>190</Y>
        <W>30</W>
        <H>30</H>
        <Z>-2.12</Z>
      </RectArrowLeft>
      <RectArrowRight>
        <X>365</X>
        <Y>190</Y>
        <W>30</W>
        <H>30</H>
        <Z>-2.12</Z>
      </RectArrowRight>
      <Color Name="ButtonColor" />
      <SelColor Name="ButtonSelColor" />
      <ArrowColor Name="ArrowColor" />
      <ArrowSelColor Name="ArrowSelColor" />
      <TextColor Name="TextColor" />
      <TextSelColor Name="TextSelColor" />
      <TextH>25</TextH>
      <TextRelativeX>50</TextRelativeX>
      <TextRelativeY>0</TextRelativeY>
      <TextMaxW>280</TextMaxW>
      <TextFont>Outline</TextFont>
      <TextStyle>Bold</TextStyle>
      <NumVisible>1</NumVisible>
    </SelectSlide>
    <SelectSlide Name="SelectSlideOptionsNumMedleySongs">
      <Skin>Button</Skin>
      <SkinArrowLeft>SelectSlideArrowLeft</SkinArrowLeft>
      <SkinArrowRight>SelectSlideArrowRight</SkinArrowRight>
      <SkinSelected>SelectSlide</SkinSelected>
      <SkinArrowLeftSelected>SelectSlideArrowLeft</SkinArrowLeftSelected>
      <SkinArrowRightSelected>SelectSlideArrowRight</SkinArrowRightSelected>
      <Rect>
        <X>40</X>
        <Y>90</Y>
        <W>360</W>
        <H>40</H>
        <Z>-2.11</Z>
      </Rect>
      <RectArrowLeft>
        <X>45</X>
        <Y>100</Y>
        <W>30</W>
        <H>30</H>
        <Z>-2.12</Z>
      </RectArrowLeft>
      <RectArrowRight>
        <X>365</X>
        <Y>100</Y>
        <W>30</W>
        <H>30</H>
        <Z>-2.12</Z>
      </RectArrowRight>
      <Color Name="ButtonColor" />
      <SelColor Name="ButtonSelColor" />
      <ArrowColor Name="ArrowColor" />
      <ArrowSelColor Name="ArrowSelColor" />
      <TextColor Name="TextColor" />
      <TextSelColor Name="TextSelColor" />
      <TextH>25</TextH>
      <TextRelativeX>50</TextRelativeX>
      <TextRelativeY>0</TextRelativeY>
      <TextMaxW>280</TextMaxW>
      <TextFont>Outline</TextFont>
      <TextStyle>Bold</TextStyle>
      <NumVisible>3</NumVisible>
    </SelectSlide>
  </SelectSlides>
  <SingNotes />
  <NameSelections />
  <Equalizers />
  <Playlists>
    <Playlist Name="Playlist">
      <Rect>
        <X>970</X>
        <Y>80</Y>
        <W>295</W>
        <H>460</H>
        <Z>-0.9</Z>
      </Rect>
      <EntryHeight>50</EntryHeight>
      <SkinBackground>CoverTile</SkinBackground>
      <SkinBackgroundSelected>CoverTile</SkinBackgroundSelected>
      <ColorBackground Name="StaticColorAlpha" />
      <SelColorBackground Name="StaticColor" />
      <Text1 Name="TextPart1">
        <X>54</X>
        <Y>5</Y>
        <Z>-1.01</Z>
        <H>22</H>
        <MaxW>235</MaxW>
        <Color Name="StaticColor" />
        <SelColor Name="TextSelColor" />
        <Align>Left</Align>
        <ResizeAlign>Center</ResizeAlign>
        <Style>Bold</Style>
        <Font>Outline</Font>
        <Text>TR_SCREENSONG_ARTIST_TITLE</Text>
        </Text1>
      <StaticCover Name="StaticCover">
        <Skin />
        <Color Name="Visible" />
        <Rect>
          <X>0</X>
          <Y>0</Y>
          <W>46</W>
          <H>46</H>
          <Z>-1</Z>
        </Rect>
        </StaticCover>
      <StaticPlaylistHeader Name="StaticPlaylistHeader">
        <Skin>Menu</Skin>
        <Color Name="StaticColor" />
        <Rect>
          <X>970</X>
          <Y>40</Y>
          <W>295</W>
          <H>40</H>
          <Z>-1</Z>
        </Rect>
        </StaticPlaylistHeader>
      <StaticPlaylistFooter Name="StaticPlaylistFooter">
        <Skin>Menu</Skin>
        <Color Name="StaticColor" />
        <Rect>
          <X>970</X>
          <Y>550</Y>
          <W>295</W>
          <H>40</H>
          <Z>-1</Z>
        </Rect>
        </StaticPlaylistFooter>
      <ButtonPlaylistName Name="ButtonPlaylistName">
        <Skin/>
        <SkinSelected />
        <Rect>
          <X>975</X>
          <Y>45</Y>
          <W>220</W>
          <H>25</H>
          <Z>-1.01</Z>
        </Rect>
        <Color Name="ButtonColor" />
        <SelColor Name="ButtonSelColor" />
        <Text Name="Text">
          <X>0</X>
          <Y>0</Y>
          <Z>0</Z>
          <H>25</H>
          <MaxW>220</MaxW>
          <Color Name="ButtonTextColor" />
          <SelColor Name="ButtonTextSelColor" />
          <Align>Left</Align>
          <ResizeAlign>Center</ResizeAlign>
          <Style>Bold</Style>
          <Font>Outline</Font>
          <Text />
          </Text>
            </ButtonPlaylistName>
      <ButtonPlaylistClose Name="ButtonPlaylistClose">
        <Skin>CloseIcon</Skin>
        <SkinSelected>CloseIcon</SkinSelected>
        <Rect>
          <X>1215</X>
          <Y>42</Y>
          <W>35</W>
          <H>35</H>
          <Z>-1.01</Z>
        </Rect>
        <Color Name="ButtonColor" />
        <SelColor Name="ButtonSelColor" />
        <Text Name="Text">
          <X>180</X>
          <Y>7</Y>
          <Z>0</Z>
          <H>25</H>
          <MaxW>350</MaxW>
          <Color Name="ButtonTextColor" />
          <SelColor Name="ButtonTextSelColor" />
          <Align>Center</Align>
          <ResizeAlign>Center</ResizeAlign>
          <Style>Bold</Style>
          <Font>Outline</Font>
          <Text />
          </Text>
            </ButtonPlaylistClose>
      <ButtonPlaylistSave Name="ButtonPlaylistSave">
        <Skin>SaveIcon</Skin>
        <SkinSelected>SaveIcon</SkinSelected>
        <Rect>
          <X>1175</X>
          <Y>553</Y>
          <W>35</W>
          <H>35</H>
          <Z>-1.01</Z>
        </Rect>
        <Color Name="ButtonColor" />
        <SelColor Name="ButtonSelColor" />
        <Text Name="Text">
          <X>180</X>
          <Y>5</Y>
          <Z>0</Z>
          <H>25</H>
          <MaxW>350</MaxW>
          <Color Name="ButtonTextColor" />
          <SelColor Name="ButtonTextSelColor" />
          <Align>Center</Align>
          <ResizeAlign>Center</ResizeAlign>
          <Style>Bold</Style>
          <Font>Outline</Font>
          <Text />
          </Text>
            </ButtonPlaylistSave>
      <ButtonPlaylistDelete Name="ButtonPlaylistDelete">
        <Skin>DeleteIcon</Skin>
        <SkinSelected>DeleteIcon</SkinSelected>
        <Rect>
          <X>1215</X>
          <Y>553</Y>
          <W>35</W>
          <H>35</H>
          <Z>-1.01</Z>
        </Rect>
        <Color Name="ButtonColor" />
        <SelColor Name="ButtonSelColor" />
        <Text Name="Text">
          <X>180</X>
          <Y>5</Y>
          <Z>0</Z>
          <H>25</H>
          <MaxW>350</MaxW>
          <Color Name="ButtonTextColor" />
          <SelColor Name="ButtonTextSelColor" />
          <Align>Center</Align>
          <ResizeAlign>Center</ResizeAlign>
          <Style>Bold</Style>
          <Font>Outline</Font>
          <Text />
          </Text>
            </ButtonPlaylistDelete>
      <ButtonPlaylistSing Name="ButtonPlaylistSing">
        <Skin>SingIcon</Skin>
        <SkinSelected>SingIcon</SkinSelected>
        <Rect>
          <X>975</X>
          <Y>553</Y>
          <W>35</W>
          <H>35</H>
          <Z>-1.01</Z>
        </Rect>
        <Color Name="ButtonColor" />
        <SelColor Name="ButtonSelColor" />
        <Text Name="Text">
          <X>180</X>
          <Y>5</Y>
          <Z>0</Z>
          <H>25</H>
          <MaxW>350</MaxW>
          <Color Name="ButtonTextColor" />
          <SelColor Name="ButtonTextSelColor" />
          <Align>Center</Align>
          <ResizeAlign>Center</ResizeAlign>
          <Style>Bold</Style>
          <Font>Outline</Font>
          <Text />
          </Text>
            </ButtonPlaylistSing>
      <SelectSlideGameMode Name="SelectSlideGameMode">
        <Skin>Button</Skin>
        <SkinArrowLeft>SelectSlideArrowLeft</SkinArrowLeft>
        <SkinArrowRight>SelectSlideArrowRight</SkinArrowRight>
        <SkinSelected />
        <SkinArrowLeftSelected>SelectSlideArrowLeft</SkinArrowLeftSelected>
        <SkinArrowRightSelected>SelectSlideArrowRight</SkinArrowRightSelected>
        <Rect>
          <X>0</X>
          <Y>28</Y>
          <W>293</W>
          <H>24</H>
          <Z>-1.01</Z>
        </Rect>
        <RectArrowLeft>
          <X>54</X>
          <Y>30</Y>
          <W>20</W>
          <H>20</H>
          <Z>-1.02</Z>
        </RectArrowLeft>
        <RectArrowRight>
          <X>271</X>
          <Y>30</Y>
          <W>20</W>
          <H>20</H>
          <Z>-1.02</Z>
        </RectArrowRight>
        <Color Name="ButtonColor" />
        <SelColor Name="ButtonSelColor" />
          <ArrowColor Name="ArrowColor" />
        <ArrowSelColor Name="ArrowSelColor" />
        <TextColor Name="TextColor" />
        <TextSelColor Name="TextSelColor" />
        <TextH>22.00</TextH>
        <TextRelativeX>25.00</TextRelativeX>
        <TextMaxW>230.00</TextMaxW>
        <TextFont>Outline</TextFont>
        <TextStyle>Bold</TextStyle>
        <NumVisible>1</NumVisible>
      </SelectSlideGameMode>
    </Playlist>
  </Playlists>
  <ParticleEffects />
  <ScreenSettings />
</Screen>