<?xml version="1.0" encoding="utf-8"?>
<Screen xmlns:xsd="http://www.w3.org/2001/XMLSchema" xmlns:xsi="http://www.w3.org/2001/XMLSchema-instance">
  <Informations>
    <ScreenName>ScreenScore</ScreenName>
    <ScreenVersion>3</ScreenVersion>
  </Informations>
  <Backgrounds>
    <Background Name="Background1">
      <Type>Video</Type>
      <SlideShowTextures />
      <Video>BG_Video</Video>
      <Skin>BG_Default</Skin>
      <Color Name="BackgroundColor" />
    </Background>
  </Backgrounds>
  <Statics>
    <Static Name="Static1">
      <Skin>Menu</Skin>
      <Color Name="StaticColor" />
      <Rect>
        <X>40</X>
        <Y>40</Y>
        <W>1200</W>
        <H>50</H>
        <Z>0</Z>
      </Rect>
    </Static>
    <Static Name="Static2">
      <Skin>TextBG</Skin>
      <Color>
        <R>0</R>
        <G>0</G>
        <B>0</B>
        <A>0</A>
      </Color>
      <Rect>
        <X>50</X>
        <Y>90</Y>
        <W>1180</W>
        <H>610</H>
        <Z>0</Z>
      </Rect>
    </Static>
    <Static Name="StaticPointsBarBGP1N1">
      <Skin>PointsBarBG</Skin>
      <Color>
        <R>0</R>
        <G>0</G>
        <B>1</B>
        <A>0.75</A>
      </Color>
      <Rect>
        <X>560</X>
        <Y>180</Y>
        <W>160</W>
        <H>220</H>
        <Z>0</Z>
      </Rect>
    </Static>
    <Static Name="StaticPointsBarP1N1">
      <Skin>PointsBar</Skin>
      <Color Name="Player1" />
      <Rect>
        <X>560</X>
        <Y>180</Y>
        <W>160</W>
        <H>0</H>
        <Z>0</Z>
      </Rect>
    </Static>
    <Static Name="StaticAvatarP1N1">
      <Skin />
      <Color Name="Visible" />
      <Rect>
        <X>560</X>
        <Y>410</Y>
        <W>160</W>
        <H>160</H>
        <Z>0</Z>
      </Rect>
      <Reflection>
        <Height>40</Height>
        <Space>15</Space>
      </Reflection>
    </Static>
    <Static Name="StaticPointsBarBGP1N2">
      <Skin>PointsBarBG</Skin>
      <Color>
        <R>0</R>
        <G>0</G>
        <B>1</B>
        <A>0.75</A>
      </Color>
      <Rect>
        <X>352</X>
        <Y>180</Y>
        <W>160</W>
        <H>220</H>
        <Z>0</Z>
      </Rect>
    </Static>
    <Static Name="StaticPointsBarP1N2">
      <Skin>PointsBar</Skin>
      <Color Name="Player1" />
      <Rect>
        <X>352</X>
        <Y>180</Y>
        <W>160</W>
        <H>0</H>
        <Z>0</Z>
      </Rect>
    </Static>
    <Static Name="StaticAvatarP1N2">
      <Skin />
      <Color Name="Visible" />
      <Rect>
        <X>352</X>
        <Y>410</Y>
        <W>160</W>
        <H>160</H>
        <Z>0</Z>
      </Rect>
      <Reflection>
        <Height>40</Height>
        <Space>15</Space>
      </Reflection>
    </Static>
    <Static Name="StaticPointsBarBGP2N2">
      <Skin>PointsBarBG</Skin>
      <Color>
        <R>1</R>
        <G>0</G>
        <B>0</B>
        <A>0.75</A>
      </Color>
      <Rect>
        <X>768</X>
        <Y>180</Y>
        <W>160</W>
        <H>220</H>
        <Z>0</Z>
      </Rect>
    </Static>
    <Static Name="StaticPointsBarP2N2">
      <Skin>PointsBar</Skin>
      <Color Name="Player2" />
      <Rect>
        <X>768</X>
        <Y>180</Y>
        <W>160</W>
        <H>0</H>
        <Z>0</Z>
      </Rect>
    </Static>
    <Static Name="StaticAvatarP2N2">
      <Skin />
      <Color Name="Visible" />
      <Rect>
        <X>768</X>
        <Y>410</Y>
        <W>160</W>
        <H>160</H>
        <Z>0</Z>
      </Rect>
      <Reflection>
        <Height>40</Height>
        <Space>15</Space>
      </Reflection>
    </Static>
    <Static Name="StaticPointsBarBGP1N3">
      <Skin>PointsBarBG</Skin>
      <Color>
        <R>0</R>
        <G>0</G>
        <B>1</B>
        <A>0.75</A>
      </Color>
      <Rect>
        <X>238</X>
        <Y>180</Y>
        <W>160</W>
        <H>220</H>
        <Z>0</Z>
      </Rect>
    </Static>
    <Static Name="StaticPointsBarP1N3">
      <Skin>PointsBar</Skin>
      <Color Name="Player1" />
      <Rect>
        <X>238</X>
        <Y>180</Y>
        <W>160</W>
        <H>0</H>
        <Z>0</Z>
      </Rect>
    </Static>
    <Static Name="StaticAvatarP1N3">
      <Skin />
      <Color Name="Visible" />
      <Rect>
        <X>238</X>
        <Y>410</Y>
        <W>160</W>
        <H>160</H>
        <Z>0</Z>
      </Rect>
      <Reflection>
        <Height>40</Height>
        <Space>15</Space>
      </Reflection>
    </Static>
    <Static Name="StaticPointsBarBGP2N3">
      <Skin>PointsBarBG</Skin>
      <Color>
        <R>1</R>
        <G>0</G>
        <B>0</B>
        <A>0.75</A>
      </Color>
      <Rect>
        <X>560</X>
        <Y>180</Y>
        <W>160</W>
        <H>220</H>
        <Z>0</Z>
      </Rect>
    </Static>
    <Static Name="StaticPointsBarP2N3">
      <Skin>PointsBar</Skin>
      <Color Name="Player2" />
      <Rect>
        <X>560</X>
        <Y>180</Y>
        <W>160</W>
        <H>0</H>
        <Z>0</Z>
      </Rect>
    </Static>
    <Static Name="StaticAvatarP2N3">
      <Skin />
      <Color Name="Visible" />
      <Rect>
        <X>560</X>
        <Y>410</Y>
        <W>160</W>
        <H>160</H>
        <Z>0</Z>
      </Rect>
      <Reflection>
        <Height>40</Height>
        <Space>15</Space>
      </Reflection>
    </Static>
    <Static Name="StaticPointsBarBGP3N3">
      <Skin>PointsBarBG</Skin>
      <Color>
        <R>0</R>
        <G>1</G>
        <B>0</B>
        <A>0.75</A>
      </Color>
      <Rect>
        <X>882</X>
        <Y>180</Y>
        <W>160</W>
        <H>220</H>
        <Z>0</Z>
      </Rect>
    </Static>
    <Static Name="StaticPointsBarP3N3">
      <Skin>PointsBar</Skin>
      <Color Name="Player3" />
      <Rect>
        <X>882</X>
        <Y>180</Y>
        <W>160</W>
        <H>0</H>
        <Z>0</Z>
      </Rect>
    </Static>
    <Static Name="StaticAvatarP3N3">
      <Skin />
      <Color Name="Visible" />
      <Rect>
        <X>882</X>
        <Y>410</Y>
        <W>160</W>
        <H>160</H>
        <Z>0</Z>
      </Rect>
      <Reflection>
        <Height>40</Height>
        <Space>15</Space>
      </Reflection>
    </Static>
    <Static Name="StaticPointsBarBGP1N4">
      <Skin>PointsBarBG</Skin>
      <Color>
        <R>0</R>
        <G>0</G>
        <B>1</B>
        <A>0.75</A>
      </Color>
      <Rect>
        <X>190</X>
        <Y>180</Y>
        <W>160</W>
        <H>220</H>
        <Z>0</Z>
      </Rect>
    </Static>
    <Static Name="StaticPointsBarP1N4">
      <Skin>PointsBar</Skin>
      <Color Name="Player1" />
      <Rect>
        <X>190</X>
        <Y>180</Y>
        <W>160</W>
        <H>0</H>
        <Z>0</Z>
      </Rect>
    </Static>
    <Static Name="StaticAvatarP1N4">
      <Skin />
      <Color Name="Visible" />
      <Rect>
        <X>190</X>
        <Y>410</Y>
        <W>160</W>
        <H>160</H>
        <Z>0</Z>
      </Rect>
      <Reflection>
        <Height>40</Height>
        <Space>15</Space>
      </Reflection>
    </Static>
    <Static Name="StaticPointsBarBGP2N4">
      <Skin>PointsBarBG</Skin>
      <Color>
        <R>1</R>
        <G>0</G>
        <B>0</B>
        <A>0.75</A>
      </Color>
      <Rect>
        <X>422</X>
        <Y>180</Y>
        <W>160</W>
        <H>220</H>
        <Z>0</Z>
      </Rect>
    </Static>
    <Static Name="StaticPointsBarP2N4">
      <Skin>PointsBar</Skin>
      <Color Name="Player2" />
      <Rect>
        <X>422</X>
        <Y>180</Y>
        <W>160</W>
        <H>0</H>
        <Z>0</Z>
      </Rect>
    </Static>
    <Static Name="StaticAvatarP2N4">
      <Skin />
      <Color Name="Visible" />
      <Rect>
        <X>422</X>
        <Y>410</Y>
        <W>160</W>
        <H>160</H>
        <Z>0</Z>
      </Rect>
      <Reflection>
        <Height>40</Height>
        <Space>15</Space>
      </Reflection>
    </Static>
    <Static Name="StaticPointsBarBGP3N4">
      <Skin>PointsBarBG</Skin>
      <Color>
        <R>0</R>
        <G>1</G>
        <B>0</B>
        <A>0.75</A>
      </Color>
      <Rect>
        <X>654</X>
        <Y>180</Y>
        <W>160</W>
        <H>220</H>
        <Z>0</Z>
      </Rect>
    </Static>
    <Static Name="StaticPointsBarP3N4">
      <Skin>PointsBar</Skin>
      <Color Name="Player3" />
      <Rect>
        <X>654</X>
        <Y>180</Y>
        <W>160</W>
        <H>0</H>
        <Z>0</Z>
      </Rect>
    </Static>
    <Static Name="StaticAvatarP3N4">
      <Skin />
      <Color Name="Visible" />
      <Rect>
        <X>654</X>
        <Y>410</Y>
        <W>160</W>
        <H>160</H>
        <Z>0</Z>
      </Rect>
      <Reflection>
        <Height>40</Height>
        <Space>15</Space>
      </Reflection>
    </Static>
    <Static Name="StaticPointsBarBGP4N4">
      <Skin>PointsBarBG</Skin>
      <Color>
        <R>0.5</R>
        <G>0</G>
        <B>1</B>
        <A>0.75</A>
      </Color>
      <Rect>
        <X>886</X>
        <Y>180</Y>
        <W>160</W>
        <H>220</H>
        <Z>0</Z>
      </Rect>
    </Static>
    <Static Name="StaticPointsBarP4N4">
      <Skin>PointsBar</Skin>
      <Color Name="Player4" />
      <Rect>
        <X>886</X>
        <Y>180</Y>
        <W>160</W>
        <H>0</H>
        <Z>0</Z>
      </Rect>
    </Static>
    <Static Name="StaticAvatarP4N4">
      <Skin />
      <Color Name="Visible" />
      <Rect>
        <X>886</X>
        <Y>410</Y>
        <W>160</W>
        <H>160</H>
        <Z>0</Z>
      </Rect>
      <Reflection>
        <Height>40</Height>
        <Space>15</Space>
      </Reflection>
    </Static>
    <Static Name="StaticPointsBarBGP1N5">
      <Skin>PointsBarBG</Skin>
      <Color>
        <R>0</R>
        <G>0</G>
        <B>1</B>
        <A>0.75</A>
      </Color>
      <Rect>
        <X>144</X>
        <Y>180</Y>
        <W>160</W>
        <H>220</H>
        <Z>0</Z>
      </Rect>
    </Static>
    <Static Name="StaticPointsBarP1N5">
      <Skin>PointsBar</Skin>
      <Color Name="Player1" />
      <Rect>
        <X>144</X>
        <Y>180</Y>
        <W>160</W>
        <H>0</H>
        <Z>0</Z>
      </Rect>
    </Static>
    <Static Name="StaticAvatarP1N5">
      <Skin />
      <Color Name="Visible" />
      <Rect>
        <X>144</X>
        <Y>410</Y>
        <W>160</W>
        <H>160</H>
        <Z>0</Z>
      </Rect>
      <Reflection>
        <Height>40</Height>
        <Space>15</Space>
      </Reflection>
    </Static>
    <Static Name="StaticPointsBarBGP2N5">
      <Skin>PointsBarBG</Skin>
      <Color>
        <R>1</R>
        <G>0</G>
        <B>0</B>
        <A>0.75</A>
      </Color>
      <Rect>
        <X>352</X>
        <Y>180</Y>
        <W>160</W>
        <H>220</H>
        <Z>0</Z>
      </Rect>
    </Static>
    <Static Name="StaticPointsBarP2N5">
      <Skin>PointsBar</Skin>
      <Color Name="Player2" />
      <Rect>
        <X>352</X>
        <Y>180</Y>
        <W>160</W>
        <H>0</H>
        <Z>0</Z>
      </Rect>
    </Static>
    <Static Name="StaticAvatarP2N5">
      <Skin />
      <Color Name="Visible" />
      <Rect>
        <X>352</X>
        <Y>410</Y>
        <W>160</W>
        <H>160</H>
        <Z>0</Z>
      </Rect>
      <Reflection>
        <Height>40</Height>
        <Space>15</Space>
      </Reflection>
    </Static>
    <Static Name="StaticPointsBarBGP3N5">
      <Skin>PointsBarBG</Skin>
      <Color>
        <R>0</R>
        <G>1</G>
        <B>0</B>
        <A>0.75</A>
      </Color>
      <Rect>
        <X>560</X>
        <Y>180</Y>
        <W>160</W>
        <H>220</H>
        <Z>0</Z>
      </Rect>
    </Static>
    <Static Name="StaticPointsBarP3N5">
      <Skin>PointsBar</Skin>
      <Color Name="Player3" />
      <Rect>
        <X>560</X>
        <Y>180</Y>
        <W>160</W>
        <H>0</H>
        <Z>0</Z>
      </Rect>
    </Static>
    <Static Name="StaticAvatarP3N5">
      <Skin />
      <Color Name="Visible" />
      <Rect>
        <X>560</X>
        <Y>410</Y>
        <W>160</W>
        <H>160</H>
        <Z>0</Z>
      </Rect>
      <Reflection>
        <Height>40</Height>
        <Space>15</Space>
      </Reflection>
    </Static>
    <Static Name="StaticPointsBarBGP4N5">
      <Skin>PointsBarBG</Skin>
      <Color>
        <R>0.5</R>
        <G>0</G>
        <B>1</B>
        <A>0.75</A>
      </Color>
      <Rect>
        <X>768</X>
        <Y>180</Y>
        <W>160</W>
        <H>220</H>
        <Z>0</Z>
      </Rect>
    </Static>
    <Static Name="StaticPointsBarP4N5">
      <Skin>PointsBar</Skin>
      <Color Name="Player4" />
      <Rect>
        <X>768</X>
        <Y>180</Y>
        <W>160</W>
        <H>0</H>
        <Z>0</Z>
      </Rect>
    </Static>
    <Static Name="StaticAvatarP4N5">
      <Skin />
      <Color Name="Visible" />
      <Rect>
        <X>768</X>
        <Y>410</Y>
        <W>160</W>
        <H>160</H>
        <Z>0</Z>
      </Rect>
      <Reflection>
        <Height>40</Height>
        <Space>15</Space>
      </Reflection>
    </Static>
    <Static Name="StaticPointsBarBGP5N5">
      <Skin>PointsBarBG</Skin>
      <Color>
        <R>1</R>
        <G>0.8</G>
        <B>0</B>
        <A>0.75</A>
      </Color>
      <Rect>
        <X>976</X>
        <Y>180</Y>
        <W>160</W>
        <H>220</H>
        <Z>0</Z>
      </Rect>
    </Static>
    <Static Name="StaticPointsBarP5N5">
      <Skin>PointsBar</Skin>
      <Color Name="Player5" />
      <Rect>
        <X>976</X>
        <Y>180</Y>
        <W>160</W>
        <H>0</H>
        <Z>0</Z>
      </Rect>
    </Static>
    <Static Name="StaticAvatarP5N5">
      <Skin />
      <Color Name="Visible" />
      <Rect>
        <X>976</X>
        <Y>410</Y>
        <W>160</W>
        <H>160</H>
        <Z>0</Z>
      </Rect>
      <Reflection>
        <Height>40</Height>
        <Space>15</Space>
      </Reflection>
    </Static>
    <Static Name="StaticPointsBarBGP1N6">
      <Skin>PointsBarBG</Skin>
      <Color>
        <R>0</R>
        <G>0</G>
        <B>1</B>
        <A>0.75</A>
      </Color>
      <Rect>
        <X>45</X>
        <Y>180</Y>
        <W>160</W>
        <H>220</H>
        <Z>0</Z>
      </Rect>
    </Static>
    <Static Name="StaticPointsBarP1N6">
      <Skin>PointsBar</Skin>
      <Color Name="Player1" />
      <Rect>
        <X>45</X>
        <Y>180</Y>
        <W>160</W>
        <H>0</H>
        <Z>0</Z>
      </Rect>
    </Static>
    <Static Name="StaticAvatarP1N6">
      <Skin />
      <Color Name="Visible" />
      <Rect>
        <X>45</X>
        <Y>410</Y>
        <W>160</W>
        <H>160</H>
        <Z>0</Z>
      </Rect>
      <Reflection>
        <Height>40</Height>
        <Space>15</Space>
      </Reflection>
    </Static>
    <Static Name="StaticPointsBarBGP2N6">
      <Skin>PointsBarBG</Skin>
      <Color>
        <R>1</R>
        <G>0</G>
        <B>0</B>
        <A>0.75</A>
      </Color>
      <Rect>
        <X>253</X>
        <Y>180</Y>
        <W>160</W>
        <H>220</H>
        <Z>0</Z>
      </Rect>
    </Static>
    <Static Name="StaticPointsBarP2N6">
      <Skin>PointsBar</Skin>
      <Color Name="Player2" />
      <Rect>
        <X>253</X>
        <Y>180</Y>
        <W>160</W>
        <H>0</H>
        <Z>0</Z>
      </Rect>
    </Static>
    <Static Name="StaticAvatarP2N6">
      <Skin />
      <Color Name="Visible" />
      <Rect>
        <X>253</X>
        <Y>410</Y>
        <W>160</W>
        <H>160</H>
        <Z>0</Z>
      </Rect>
      <Reflection>
        <Height>40</Height>
        <Space>15</Space>
      </Reflection>
    </Static>
    <Static Name="StaticPointsBarBGP3N6">
      <Skin>PointsBarBG</Skin>
      <Color>
        <R>0</R>
        <G>1</G>
        <B>0</B>
        <A>0.75</A>
      </Color>
      <Rect>
        <X>461</X>
        <Y>180</Y>
        <W>160</W>
        <H>220</H>
        <Z>0</Z>
      </Rect>
    </Static>
    <Static Name="StaticPointsBarP3N6">
      <Skin>PointsBar</Skin>
      <Color Name="Player3" />
      <Rect>
        <X>461</X>
        <Y>180</Y>
        <W>160</W>
        <H>0</H>
        <Z>0</Z>
      </Rect>
    </Static>
    <Static Name="StaticAvatarP3N6">
      <Skin />
      <Color Name="Visible" />
      <Rect>
        <X>461</X>
        <Y>410</Y>
        <W>160</W>
        <H>160</H>
        <Z>0</Z>
      </Rect>
      <Reflection>
        <Height>40</Height>
        <Space>15</Space>
      </Reflection>
    </Static>
    <Static Name="StaticPointsBarBGP4N6">
      <Skin>PointsBarBG</Skin>
      <Color>
        <R>0.5</R>
        <G>0</G>
        <B>1</B>
        <A>0.75</A>
      </Color>
      <Rect>
        <X>669</X>
        <Y>180</Y>
        <W>160</W>
        <H>220</H>
        <Z>0</Z>
      </Rect>
    </Static>
    <Static Name="StaticPointsBarP4N6">
      <Skin>PointsBar</Skin>
      <Color Name="Player4" />
      <Rect>
        <X>669</X>
        <Y>180</Y>
        <W>160</W>
        <H>0</H>
        <Z>0</Z>
      </Rect>
    </Static>
    <Static Name="StaticAvatarP4N6">
      <Skin />
      <Color Name="Visible" />
      <Rect>
        <X>669</X>
        <Y>410</Y>
        <W>160</W>
        <H>160</H>
        <Z>0</Z>
      </Rect>
      <Reflection>
        <Height>40</Height>
        <Space>15</Space>
      </Reflection>
    </Static>
    <Static Name="StaticPointsBarBGP5N6">
      <Skin>PointsBarBG</Skin>
      <Color>
        <R>1</R>
        <G>0.8</G>
        <B>0</B>
        <A>0.75</A>
      </Color>
      <Rect>
        <X>877</X>
        <Y>180</Y>
        <W>160</W>
        <H>220</H>
        <Z>0</Z>
      </Rect>
    </Static>
    <Static Name="StaticPointsBarP5N6">
      <Skin>PointsBar</Skin>
      <Color Name="Player5" />
      <Rect>
        <X>877</X>
        <Y>180</Y>
        <W>160</W>
        <H>0</H>
        <Z>0</Z>
      </Rect>
    </Static>
    <Static Name="StaticAvatarP5N6">
      <Skin />
      <Color Name="Visible" />
      <Rect>
        <X>877</X>
        <Y>410</Y>
        <W>160</W>
        <H>160</H>
        <Z>0</Z>
      </Rect>
      <Reflection>
        <Height>40</Height>
        <Space>15</Space>
      </Reflection>
    </Static>
    <Static Name="StaticPointsBarBGP6N6">
      <Skin>PointsBarBG</Skin>
      <Color>
        <R>1</R>
        <G>0</G>
        <B>0.5</B>
        <A>0.75</A>
      </Color>
      <Rect>
        <X>1085</X>
        <Y>180</Y>
        <W>160</W>
        <H>220</H>
        <Z>0</Z>
      </Rect>
    </Static>
    <Static Name="StaticPointsBarP6N6">
      <Skin>PointsBar</Skin>
      <Color Name="Player6" />
      <Rect>
        <X>1085</X>
        <Y>180</Y>
        <W>160</W>
        <H>0</H>
        <Z>0</Z>
      </Rect>
    </Static>
    <Static Name="StaticAvatarP6N6">
      <Skin />
      <Color Name="Visible" />
      <Rect>
        <X>1085</X>
        <Y>410</Y>
        <W>160</W>
        <H>160</H>
        <Z>0</Z>
      </Rect>
      <Reflection>
        <Height>40</Height>
        <Space>15</Space>
      </Reflection>
    </Static>
  </Statics>
  <Texts>
    <Text Name="Text1">
      <X>60</X>
      <Y>50</Y>
      <Z>0</Z>
      <H>27</H>
      <MaxW>0</MaxW>
      <Color Name="StaticColor" />
      <SelColor Name="TextSelColor" />
      <Align>Left</Align>
      <ResizeAlign>Center</ResizeAlign>
      <Style>Bold</Style>
      <Font>Outline</Font>
      <Text>TR_SCREENSCORE_SCORES</Text>
    </Text>
    <Text Name="TextSong">
      <X>640</X>
      <Y>50</Y>
      <Z>0</Z>
      <H>27</H>
      <MaxW>0</MaxW>
      <Color Name="StaticColor" />
      <SelColor Name="TextSelColor" />
      <Align>Center</Align>
      <ResizeAlign>Center</ResizeAlign>
      <Style>Bold</Style>
      <Font>Outline</Font>
      <Text />
    </Text>
    <Text Name="TextNameP1N1">
      <X>640</X>
      <Y>630</Y>
      <Z>0</Z>
      <H>44</H>
      <MaxW>0</MaxW>
      <Color Name="StaticColor" />
      <SelColor Name="TextSelColor" />
      <Align>Center</Align>
      <ResizeAlign>Center</ResizeAlign>
      <Style>Bold</Style>
      <Font>Outline</Font>
      <Text />
    </Text>
    <Text Name="TextScoreP1N1">
      <X>640</X>
      <Y>142</Y>
      <Z>0</Z>
      <H>27</H>
      <MaxW>0</MaxW>
      <Color Name="StaticColor" />
      <SelColor Name="TextSelColor" />
      <Align>Center</Align>
      <ResizeAlign>Center</ResizeAlign>
      <Style>Bold</Style>
      <Font>Outline</Font>
      <Text />
    </Text>
    <Text Name="TextRatingP1N1">
      <X>640</X>
      <Y>107</Y>
      <Z>0</Z>
      <H>27</H>
      <MaxW>0</MaxW>
      <Color Name="StaticColor" />
      <SelColor Name="TextSelColor" />
      <Align>Center</Align>
      <ResizeAlign>Center</ResizeAlign>
      <Style>Bold</Style>
      <Font>Outline</Font>
      <Text />
    </Text>
    <Text Name="TextDifficultyP1N1">
      <X>640</X>
      <Y>670</Y>
      <Z>0</Z>
      <H>28</H>
      <MaxW>0</MaxW>
      <Color Name="StaticColor" />
      <SelColor Name="TextSelColor" />
      <Align>Center</Align>
      <ResizeAlign>Center</ResizeAlign>
      <Style>Bold</Style>
      <Font>Outline</Font>
      <Text />
    </Text>
    <Text Name="TextNameP1N2">
      <X>432</X>
      <Y>630</Y>
      <Z>0</Z>
      <H>44</H>
      <MaxW>0</MaxW>
      <Color Name="StaticColor" />
      <SelColor Name="TextSelColor" />
      <Align>Center</Align>
      <ResizeAlign>Center</ResizeAlign>
      <Style>Bold</Style>
      <Font>Outline</Font>
      <Text />
    </Text>
    <Text Name="TextScoreP1N2">
      <X>432</X>
      <Y>142</Y>
      <Z>0</Z>
      <H>27</H>
      <MaxW>0</MaxW>
      <Color Name="StaticColor" />
      <SelColor Name="TextSelColor" />
      <Align>Center</Align>
      <ResizeAlign>Center</ResizeAlign>
      <Style>Bold</Style>
      <Font>Outline</Font>
      <Text />
    </Text>
    <Text Name="TextRatingP1N2">
      <X>432</X>
      <Y>107</Y>
      <Z>0</Z>
      <H>27</H>
      <MaxW>0</MaxW>
      <Color Name="StaticColor" />
      <SelColor Name="TextSelColor" />
      <Align>Center</Align>
      <ResizeAlign>Center</ResizeAlign>
      <Style>Bold</Style>
      <Font>Outline</Font>
      <Text />
    </Text>
    <Text Name="TextDifficultyP1N2">
      <X>432</X>
      <Y>670</Y>
      <Z>0</Z>
      <H>28</H>
      <MaxW>0</MaxW>
      <Color Name="StaticColor" />
      <SelColor Name="TextSelColor" />
      <Align>Center</Align>
      <ResizeAlign>Center</ResizeAlign>
      <Style>Bold</Style>
      <Font>Outline</Font>
      <Text />
    </Text>
    <Text Name="TextNameP2N2">
      <X>848</X>
      <Y>630</Y>
      <Z>0</Z>
      <H>44</H>
      <MaxW>0</MaxW>
      <Color Name="StaticColor" />
      <SelColor Name="TextSelColor" />
      <Align>Center</Align>
      <ResizeAlign>Center</ResizeAlign>
      <Style>Bold</Style>
      <Font>Outline</Font>
      <Text />
    </Text>
    <Text Name="TextScoreP2N2">
      <X>848</X>
      <Y>142</Y>
      <Z>0</Z>
      <H>27</H>
      <MaxW>0</MaxW>
      <Color Name="StaticColor" />
      <SelColor Name="TextSelColor" />
      <Align>Center</Align>
      <ResizeAlign>Center</ResizeAlign>
      <Style>Bold</Style>
      <Font>Outline</Font>
      <Text />
    </Text>
    <Text Name="TextRatingP2N2">
      <X>848</X>
      <Y>107</Y>
      <Z>0</Z>
      <H>27</H>
      <MaxW>0</MaxW>
      <Color Name="StaticColor" />
      <SelColor Name="TextSelColor" />
      <Align>Center</Align>
      <ResizeAlign>Center</ResizeAlign>
      <Style>Bold</Style>
      <Font>Outline</Font>
      <Text />
    </Text>
    <Text Name="TextDifficultyP2N2">
      <X>858</X>
      <Y>670</Y>
      <Z>0</Z>
      <H>28</H>
      <MaxW>0</MaxW>
      <Color Name="StaticColor" />
      <SelColor Name="TextSelColor" />
      <Align>Center</Align>
      <ResizeAlign>Center</ResizeAlign>
      <Style>Bold</Style>
      <Font>Outline</Font>
      <Text />
    </Text>
    <Text Name="TextNameP1N3">
      <X>318</X>
      <Y>630</Y>
      <Z>0</Z>
      <H>44</H>
      <MaxW>0</MaxW>
      <Color Name="StaticColor" />
      <SelColor Name="TextSelColor" />
      <Align>Center</Align>
      <ResizeAlign>Center</ResizeAlign>
      <Style>Bold</Style>
      <Font>Outline</Font>
      <Text />
    </Text>
    <Text Name="TextScoreP1N3">
      <X>318</X>
      <Y>142</Y>
      <Z>0</Z>
      <H>27</H>
      <MaxW>0</MaxW>
      <Color Name="StaticColor" />
      <SelColor Name="TextSelColor" />
      <Align>Center</Align>
      <ResizeAlign>Center</ResizeAlign>
      <Style>Bold</Style>
      <Font>Outline</Font>
      <Text />
    </Text>
    <Text Name="TextRatingP1N3">
      <X>318</X>
      <Y>107</Y>
      <Z>0</Z>
      <H>27</H>
      <MaxW>0</MaxW>
      <Color Name="StaticColor" />
      <SelColor Name="TextSelColor" />
      <Align>Center</Align>
      <ResizeAlign>Center</ResizeAlign>
      <Style>Bold</Style>
      <Font>Outline</Font>
      <Text />
    </Text>
    <Text Name="TextDifficultyP1N3">
      <X>318</X>
      <Y>670</Y>
      <Z>0</Z>
      <H>28</H>
      <MaxW>0</MaxW>
      <Color Name="StaticColor" />
      <SelColor Name="TextSelColor" />
      <Align>Center</Align>
      <ResizeAlign>Center</ResizeAlign>
      <Style>Bold</Style>
      <Font>Outline</Font>
      <Text />
    </Text>
    <Text Name="TextNameP2N3">
      <X>640</X>
      <Y>630</Y>
      <Z>0</Z>
      <H>44</H>
      <MaxW>0</MaxW>
      <Color Name="StaticColor" />
      <SelColor Name="TextSelColor" />
      <Align>Center</Align>
      <ResizeAlign>Center</ResizeAlign>
      <Style>Bold</Style>
      <Font>Outline</Font>
      <Text />
    </Text>
    <Text Name="TextScoreP2N3">
      <X>640</X>
      <Y>142</Y>
      <Z>0</Z>
      <H>27</H>
      <MaxW>0</MaxW>
      <Color Name="StaticColor" />
      <SelColor Name="TextSelColor" />
      <Align>Center</Align>
      <ResizeAlign>Center</ResizeAlign>
      <Style>Bold</Style>
      <Font>Outline</Font>
      <Text />
    </Text>
    <Text Name="TextRatingP2N3">
      <X>640</X>
      <Y>107</Y>
      <Z>0</Z>
      <H>27</H>
      <MaxW>0</MaxW>
      <Color Name="StaticColor" />
      <SelColor Name="TextSelColor" />
      <Align>Center</Align>
      <ResizeAlign>Center</ResizeAlign>
      <Style>Bold</Style>
      <Font>Outline</Font>
      <Text />
    </Text>
    <Text Name="TextDifficultyP2N3">
      <X>640</X>
      <Y>670</Y>
      <Z>0</Z>
      <H>28</H>
      <MaxW>0</MaxW>
      <Color Name="StaticColor" />
      <SelColor Name="TextSelColor" />
      <Align>Center</Align>
      <ResizeAlign>Center</ResizeAlign>
      <Style>Bold</Style>
      <Font>Outline</Font>
      <Text />
    </Text>
    <Text Name="TextNameP3N3">
      <X>962</X>
      <Y>630</Y>
      <Z>0</Z>
      <H>44</H>
      <MaxW>0</MaxW>
      <Color Name="StaticColor" />
      <SelColor Name="TextSelColor" />
      <Align>Center</Align>
      <ResizeAlign>Center</ResizeAlign>
      <Style>Bold</Style>
      <Font>Outline</Font>
      <Text />
    </Text>
    <Text Name="TextScoreP3N3">
      <X>962</X>
      <Y>142</Y>
      <Z>0</Z>
      <H>27</H>
      <MaxW>0</MaxW>
      <Color Name="StaticColor" />
      <SelColor Name="TextSelColor" />
      <Align>Center</Align>
      <ResizeAlign>Center</ResizeAlign>
      <Style>Bold</Style>
      <Font>Outline</Font>
      <Text />
    </Text>
    <Text Name="TextRatingP3N3">
      <X>962</X>
      <Y>107</Y>
      <Z>0</Z>
      <H>27</H>
      <MaxW>0</MaxW>
      <Color Name="StaticColor" />
      <SelColor Name="TextSelColor" />
      <Align>Center</Align>
      <ResizeAlign>Center</ResizeAlign>
      <Style>Bold</Style>
      <Font>Outline</Font>
      <Text />
    </Text>
    <Text Name="TextDifficultyP3N3">
      <X>962</X>
      <Y>670</Y>
      <Z>0</Z>
      <H>28</H>
      <MaxW>0</MaxW>
      <Color Name="StaticColor" />
      <SelColor Name="TextSelColor" />
      <Align>Center</Align>
      <ResizeAlign>Center</ResizeAlign>
      <Style>Bold</Style>
      <Font>Outline</Font>
      <Text />
    </Text>
    <Text Name="TextNameP1N4">
      <X>270</X>
      <Y>630</Y>
      <Z>0</Z>
      <H>44</H>
      <MaxW>0</MaxW>
      <Color Name="StaticColor" />
      <SelColor Name="TextSelColor" />
      <Align>Center</Align>
      <ResizeAlign>Center</ResizeAlign>
      <Style>Bold</Style>
      <Font>Outline</Font>
      <Text />
    </Text>
    <Text Name="TextScoreP1N4">
      <X>270</X>
      <Y>142</Y>
      <Z>0</Z>
      <H>27</H>
      <MaxW>0</MaxW>
      <Color Name="StaticColor" />
      <SelColor Name="TextSelColor" />
      <Align>Center</Align>
      <ResizeAlign>Center</ResizeAlign>
      <Style>Bold</Style>
      <Font>Outline</Font>
      <Text />
    </Text>
    <Text Name="TextRatingP1N4">
      <X>270</X>
      <Y>107</Y>
      <Z>0</Z>
      <H>27</H>
      <MaxW>160</MaxW>
      <Color Name="StaticColor" />
      <SelColor Name="TextSelColor" />
      <Align>Center</Align>
      <ResizeAlign>Center</ResizeAlign>
      <Style>Bold</Style>
      <Font>Outline</Font>
      <Text />
    </Text>
    <Text Name="TextDifficultyP1N4">
      <X>270</X>
      <Y>670</Y>
      <Z>0</Z>
      <H>28</H>
      <MaxW>0</MaxW>
      <Color Name="StaticColor" />
      <SelColor Name="TextSelColor" />
      <Align>Center</Align>
      <ResizeAlign>Center</ResizeAlign>
      <Style>Bold</Style>
      <Font>Outline</Font>
      <Text />
    </Text>
    <Text Name="TextNameP2N4">
      <X>502</X>
      <Y>630</Y>
      <Z>0</Z>
      <H>44</H>
      <MaxW>0</MaxW>
      <Color Name="StaticColor" />
      <SelColor Name="TextSelColor" />
      <Align>Center</Align>
      <ResizeAlign>Center</ResizeAlign>
      <Style>Bold</Style>
      <Font>Outline</Font>
      <Text />
    </Text>
    <Text Name="TextScoreP2N4">
      <X>502</X>
      <Y>142</Y>
      <Z>0</Z>
      <H>27</H>
      <MaxW>0</MaxW>
      <Color Name="StaticColor" />
      <SelColor Name="TextSelColor" />
      <Align>Center</Align>
      <ResizeAlign>Center</ResizeAlign>
      <Style>Bold</Style>
      <Font>Outline</Font>
      <Text />
    </Text>
    <Text Name="TextRatingP2N4">
      <X>502</X>
      <Y>107</Y>
      <Z>0</Z>
      <H>27</H>
      <MaxW>160</MaxW>
      <Color Name="StaticColor" />
      <SelColor Name="TextSelColor" />
      <Align>Center</Align>
      <ResizeAlign>Center</ResizeAlign>
      <Style>Bold</Style>
      <Font>Outline</Font>
      <Text />
    </Text>
    <Text Name="TextDifficultyP2N4">
      <X>502</X>
      <Y>670</Y>
      <Z>0</Z>
      <H>28</H>
      <MaxW>0</MaxW>
      <Color Name="StaticColor" />
      <SelColor Name="TextSelColor" />
      <Align>Center</Align>
      <ResizeAlign>Center</ResizeAlign>
      <Style>Bold</Style>
      <Font>Outline</Font>
      <Text />
    </Text>
    <Text Name="TextNameP3N4">
      <X>734</X>
      <Y>630</Y>
      <Z>0</Z>
      <H>44</H>
      <MaxW>0</MaxW>
      <Color Name="StaticColor" />
      <SelColor Name="TextSelColor" />
      <Align>Center</Align>
      <ResizeAlign>Center</ResizeAlign>
      <Style>Bold</Style>
      <Font>Outline</Font>
      <Text />
    </Text>
    <Text Name="TextScoreP3N4">
      <X>734</X>
      <Y>142</Y>
      <Z>0</Z>
      <H>27</H>
      <MaxW>0</MaxW>
      <Color Name="StaticColor" />
      <SelColor Name="TextSelColor" />
      <Align>Center</Align>
      <ResizeAlign>Center</ResizeAlign>
      <Style>Bold</Style>
      <Font>Outline</Font>
      <Text />
    </Text>
    <Text Name="TextRatingP3N4">
      <X>734</X>
      <Y>107</Y>
      <Z>0</Z>
      <H>27</H>
      <MaxW>160</MaxW>
      <Color Name="StaticColor" />
      <SelColor Name="TextSelColor" />
      <Align>Center</Align>
      <ResizeAlign>Center</ResizeAlign>
      <Style>Bold</Style>
      <Font>Outline</Font>
      <Text />
    </Text>
    <Text Name="TextDifficultyP3N4">
      <X>734</X>
      <Y>670</Y>
      <Z>0</Z>
      <H>28</H>
      <MaxW>0</MaxW>
      <Color Name="StaticColor" />
      <SelColor Name="TextSelColor" />
      <Align>Center</Align>
      <ResizeAlign>Center</ResizeAlign>
      <Style>Bold</Style>
      <Font>Outline</Font>
      <Text />
    </Text>
    <Text Name="TextNameP4N4">
      <X>966</X>
      <Y>630</Y>
      <Z>0</Z>
      <H>44</H>
      <MaxW>0</MaxW>
      <Color Name="StaticColor" />
      <SelColor Name="TextSelColor" />
      <Align>Center</Align>
      <ResizeAlign>Center</ResizeAlign>
      <Style>Bold</Style>
      <Font>Outline</Font>
      <Text />
    </Text>
    <Text Name="TextScoreP4N4">
      <X>966</X>
      <Y>142</Y>
      <Z>0</Z>
      <H>27</H>
      <MaxW>0</MaxW>
      <Color Name="StaticColor" />
      <SelColor Name="TextSelColor" />
      <Align>Center</Align>
      <ResizeAlign>Center</ResizeAlign>
      <Style>Bold</Style>
      <Font>Outline</Font>
      <Text />
    </Text>
    <Text Name="TextRatingP4N4">
      <X>966</X>
      <Y>107</Y>
      <Z>0</Z>
      <H>27</H>
      <MaxW>160</MaxW>
      <Color Name="StaticColor" />
      <SelColor Name="TextSelColor" />
      <Align>Center</Align>
      <ResizeAlign>Center</ResizeAlign>
      <Style>Bold</Style>
      <Font>Outline</Font>
      <Text />
    </Text>
    <Text Name="TextDifficultyP4N4">
      <X>966</X>
      <Y>670</Y>
      <Z>0</Z>
      <H>28</H>
      <MaxW>0</MaxW>
      <Color Name="StaticColor" />
      <SelColor Name="TextSelColor" />
      <Align>Center</Align>
      <ResizeAlign>Center</ResizeAlign>
      <Style>Bold</Style>
      <Font>Outline</Font>
      <Text />
    </Text>
    <Text Name="TextNameP1N5">
      <X>224</X>
      <Y>630</Y>
      <Z>0</Z>
      <H>44</H>
      <MaxW>160</MaxW>
      <Color Name="StaticColor" />
      <SelColor Name="TextSelColor" />
      <Align>Center</Align>
      <ResizeAlign>Center</ResizeAlign>
      <Style>Bold</Style>
      <Font>Outline</Font>
      <Text />
    </Text>
    <Text Name="TextScoreP1N5">
      <X>224</X>
      <Y>142</Y>
      <Z>0</Z>
      <H>27</H>
      <MaxW>160</MaxW>
      <Color Name="StaticColor" />
      <SelColor Name="TextSelColor" />
      <Align>Center</Align>
      <ResizeAlign>Center</ResizeAlign>
      <Style>Bold</Style>
      <Font>Outline</Font>
      <Text />
    </Text>
    <Text Name="TextRatingP1N5">
      <X>224</X>
      <Y>107</Y>
      <Z>0</Z>
      <H>27</H>
      <MaxW>160</MaxW>
      <Color Name="StaticColor" />
      <SelColor Name="TextSelColor" />
      <Align>Center</Align>
      <ResizeAlign>Center</ResizeAlign>
      <Style>Bold</Style>
      <Font>Outline</Font>
      <Text />
    </Text>
    <Text Name="TextDifficultyP1N5">
      <X>224</X>
      <Y>670</Y>
      <Z>0</Z>
      <H>28</H>
      <MaxW>160</MaxW>
      <Color Name="StaticColor" />
      <SelColor Name="TextSelColor" />
      <Align>Center</Align>
      <ResizeAlign>Center</ResizeAlign>
      <Style>Bold</Style>
      <Font>Outline</Font>
      <Text />
    </Text>
    <Text Name="TextNameP2N5">
      <X>432</X>
      <Y>630</Y>
      <Z>0</Z>
      <H>44</H>
      <MaxW>160</MaxW>
      <Color Name="StaticColor" />
      <SelColor Name="TextSelColor" />
      <Align>Center</Align>
      <ResizeAlign>Center</ResizeAlign>
      <Style>Bold</Style>
      <Font>Outline</Font>
      <Text />
    </Text>
    <Text Name="TextScoreP2N5">
      <X>432</X>
      <Y>142</Y>
      <Z>0</Z>
      <H>27</H>
      <MaxW>160</MaxW>
      <Color Name="StaticColor" />
      <SelColor Name="TextSelColor" />
      <Align>Center</Align>
      <ResizeAlign>Center</ResizeAlign>
      <Style>Bold</Style>
      <Font>Outline</Font>
      <Text />
    </Text>
    <Text Name="TextRatingP2N5">
      <X>432</X>
      <Y>107</Y>
      <Z>0</Z>
      <H>27</H>
      <MaxW>160</MaxW>
      <Color Name="StaticColor" />
      <SelColor Name="TextSelColor" />
      <Align>Center</Align>
      <ResizeAlign>Center</ResizeAlign>
      <Style>Bold</Style>
      <Font>Outline</Font>
      <Text />
    </Text>
    <Text Name="TextDifficultyP2N5">
      <X>432</X>
      <Y>670</Y>
      <Z>0</Z>
      <H>28</H>
      <MaxW>160</MaxW>
      <Color Name="StaticColor" />
      <SelColor Name="TextSelColor" />
      <Align>Center</Align>
      <ResizeAlign>Center</ResizeAlign>
      <Style>Bold</Style>
      <Font>Outline</Font>
      <Text />
    </Text>
    <Text Name="TextNameP3N5">
      <X>640</X>
      <Y>630</Y>
      <Z>0</Z>
      <H>44</H>
      <MaxW>160</MaxW>
      <Color Name="StaticColor" />
      <SelColor Name="TextSelColor" />
      <Align>Center</Align>
      <ResizeAlign>Center</ResizeAlign>
      <Style>Bold</Style>
      <Font>Outline</Font>
      <Text />
    </Text>
    <Text Name="TextScoreP3N5">
      <X>640</X>
      <Y>142</Y>
      <Z>0</Z>
      <H>27</H>
      <MaxW>160</MaxW>
      <Color Name="StaticColor" />
      <SelColor Name="TextSelColor" />
      <Align>Center</Align>
      <ResizeAlign>Center</ResizeAlign>
      <Style>Bold</Style>
      <Font>Outline</Font>
      <Text />
    </Text>
    <Text Name="TextRatingP3N5">
      <X>640</X>
      <Y>107</Y>
      <Z>0</Z>
      <H>27</H>
      <MaxW>160</MaxW>
      <Color Name="StaticColor" />
      <SelColor Name="TextSelColor" />
      <Align>Center</Align>
      <ResizeAlign>Center</ResizeAlign>
      <Style>Bold</Style>
      <Font>Outline</Font>
      <Text />
    </Text>
    <Text Name="TextDifficultyP3N5">
      <X>640</X>
      <Y>670</Y>
      <Z>0</Z>
      <H>28</H>
      <MaxW>160</MaxW>
      <Color Name="StaticColor" />
      <SelColor Name="TextSelColor" />
      <Align>Center</Align>
      <ResizeAlign>Center</ResizeAlign>
      <Style>Bold</Style>
      <Font>Outline</Font>
      <Text />
    </Text>
    <Text Name="TextNameP4N5">
      <X>848</X>
      <Y>630</Y>
      <Z>0</Z>
      <H>44</H>
      <MaxW>160</MaxW>
      <Color Name="StaticColor" />
      <SelColor Name="TextSelColor" />
      <Align>Center</Align>
      <ResizeAlign>Center</ResizeAlign>
      <Style>Bold</Style>
      <Font>Outline</Font>
      <Text />
    </Text>
    <Text Name="TextScoreP4N5">
      <X>848</X>
      <Y>142</Y>
      <Z>0</Z>
      <H>27</H>
      <MaxW>160</MaxW>
      <Color Name="StaticColor" />
      <SelColor Name="TextSelColor" />
      <Align>Center</Align>
      <ResizeAlign>Center</ResizeAlign>
      <Style>Bold</Style>
      <Font>Outline</Font>
      <Text />
    </Text>
    <Text Name="TextRatingP4N5">
      <X>848</X>
      <Y>107</Y>
      <Z>0</Z>
      <H>27</H>
      <MaxW>160</MaxW>
      <Color Name="StaticColor" />
      <SelColor Name="TextSelColor" />
      <Align>Center</Align>
      <ResizeAlign>Center</ResizeAlign>
      <Style>Bold</Style>
      <Font>Outline</Font>
      <Text />
    </Text>
    <Text Name="TextDifficultyP4N5">
      <X>848</X>
      <Y>670</Y>
      <Z>0</Z>
      <H>28</H>
      <MaxW>160</MaxW>
      <Color Name="StaticColor" />
      <SelColor Name="TextSelColor" />
      <Align>Center</Align>
      <ResizeAlign>Center</ResizeAlign>
      <Style>Bold</Style>
      <Font>Outline</Font>
      <Text />
    </Text>
    <Text Name="TextNameP5N5">
      <X>1056</X>
      <Y>630</Y>
      <Z>0</Z>
      <H>44</H>
      <MaxW>160</MaxW>
      <Color Name="StaticColor" />
      <SelColor Name="TextSelColor" />
      <Align>Center</Align>
      <ResizeAlign>Center</ResizeAlign>
      <Style>Bold</Style>
      <Font>Outline</Font>
      <Text />
    </Text>
    <Text Name="TextScoreP5N5">
      <X>1056</X>
      <Y>142</Y>
      <Z>0</Z>
      <H>27</H>
      <MaxW>160</MaxW>
      <Color Name="StaticColor" />
      <SelColor Name="TextSelColor" />
      <Align>Center</Align>
      <ResizeAlign>Center</ResizeAlign>
      <Style>Bold</Style>
      <Font>Outline</Font>
      <Text />
    </Text>
    <Text Name="TextRatingP5N5">
      <X>1056</X>
      <Y>107</Y>
      <Z>0</Z>
      <H>27</H>
      <MaxW>160</MaxW>
      <Color Name="StaticColor" />
      <SelColor Name="TextSelColor" />
      <Align>Center</Align>
      <ResizeAlign>Center</ResizeAlign>
      <Style>Bold</Style>
      <Font>Outline</Font>
      <Text />
    </Text>
    <Text Name="TextDifficultyP5N5">
      <X>1056</X>
      <Y>670</Y>
      <Z>0</Z>
      <H>28</H>
      <MaxW>160</MaxW>
      <Color Name="StaticColor" />
      <SelColor Name="TextSelColor" />
      <Align>Center</Align>
      <ResizeAlign>Center</ResizeAlign>
      <Style>Bold</Style>
      <Font>Outline</Font>
      <Text />
    </Text>
    <Text Name="TextNameP1N6">
      <X>125</X>
      <Y>630</Y>
      <Z>0</Z>
      <H>44</H>
      <MaxW>160</MaxW>
      <Color Name="StaticColor" />
      <SelColor Name="TextSelColor" />
      <Align>Center</Align>
      <ResizeAlign>Center</ResizeAlign>
      <Style>Bold</Style>
      <Font>Outline</Font>
      <Text />
    </Text>
    <Text Name="TextScoreP1N6">
      <X>125</X>
      <Y>142</Y>
      <Z>0</Z>
      <H>27</H>
      <MaxW>160</MaxW>
      <Color Name="StaticColor" />
      <SelColor Name="TextSelColor" />
      <Align>Center</Align>
      <ResizeAlign>Center</ResizeAlign>
      <Style>Bold</Style>
      <Font>Outline</Font>
      <Text />
    </Text>
    <Text Name="TextRatingP1N6">
      <X>125</X>
      <Y>107</Y>
      <Z>0</Z>
      <H>27</H>
      <MaxW>160</MaxW>
      <Color Name="StaticColor" />
      <SelColor Name="TextSelColor" />
      <Align>Center</Align>
      <ResizeAlign>Center</ResizeAlign>
      <Style>Bold</Style>
      <Font>Outline</Font>
      <Text />
    </Text>
    <Text Name="TextDifficultyP1N6">
      <X>125</X>
      <Y>670</Y>
      <Z>0</Z>
      <H>28</H>
      <MaxW>160</MaxW>
      <Color Name="StaticColor" />
      <SelColor Name="TextSelColor" />
      <Align>Center</Align>
      <ResizeAlign>Center</ResizeAlign>
      <Style>Bold</Style>
      <Font>Outline</Font>
      <Text />
    </Text>
    <Text Name="TextNameP2N6">
      <X>333</X>
      <Y>630</Y>
      <Z>0</Z>
      <H>44</H>
      <MaxW>160</MaxW>
      <Color Name="StaticColor" />
      <SelColor Name="TextSelColor" />
      <Align>Center</Align>
      <ResizeAlign>Center</ResizeAlign>
      <Style>Bold</Style>
      <Font>Outline</Font>
      <Text />
    </Text>
    <Text Name="TextScoreP2N6">
      <X>333</X>
      <Y>142</Y>
      <Z>0</Z>
      <H>27</H>
      <MaxW>160</MaxW>
      <Color Name="StaticColor" />
      <SelColor Name="TextSelColor" />
      <Align>Center</Align>
      <ResizeAlign>Center</ResizeAlign>
      <Style>Bold</Style>
      <Font>Outline</Font>
      <Text />
    </Text>
    <Text Name="TextRatingP2N6">
      <X>333</X>
      <Y>107</Y>
      <Z>0</Z>
      <H>27</H>
      <MaxW>160</MaxW>
      <Color Name="StaticColor" />
      <SelColor Name="TextSelColor" />
      <Align>Center</Align>
      <ResizeAlign>Center</ResizeAlign>
      <Style>Bold</Style>
      <Font>Outline</Font>
      <Text />
    </Text>
    <Text Name="TextDifficultyP2N6">
      <X>333</X>
      <Y>670</Y>
      <Z>0</Z>
      <H>28</H>
      <MaxW>160</MaxW>
      <Color Name="StaticColor" />
      <SelColor Name="TextSelColor" />
      <Align>Center</Align>
      <ResizeAlign>Center</ResizeAlign>
      <Style>Bold</Style>
      <Font>Outline</Font>
      <Text />
    </Text>
    <Text Name="TextNameP3N6">
      <X>541</X>
      <Y>630</Y>
      <Z>0</Z>
      <H>44</H>
      <MaxW>160</MaxW>
      <Color Name="StaticColor" />
      <SelColor Name="TextSelColor" />
      <Align>Center</Align>
      <ResizeAlign>Center</ResizeAlign>
      <Style>Bold</Style>
      <Font>Outline</Font>
      <Text />
    </Text>
    <Text Name="TextScoreP3N6">
      <X>541</X>
      <Y>142</Y>
      <Z>0</Z>
      <H>27</H>
      <MaxW>160</MaxW>
      <Color Name="StaticColor" />
      <SelColor Name="TextSelColor" />
      <Align>Center</Align>
      <ResizeAlign>Center</ResizeAlign>
      <Style>Bold</Style>
      <Font>Outline</Font>
      <Text />
    </Text>
    <Text Name="TextRatingP3N6">
      <X>541</X>
      <Y>107</Y>
      <Z>0</Z>
      <H>27</H>
      <MaxW>160</MaxW>
      <Color Name="StaticColor" />
      <SelColor Name="TextSelColor" />
      <Align>Center</Align>
      <ResizeAlign>Center</ResizeAlign>
      <Style>Bold</Style>
      <Font>Outline</Font>
      <Text />
    </Text>
    <Text Name="TextDifficultyP3N6">
      <X>541</X>
      <Y>670</Y>
      <Z>0</Z>
      <H>28</H>
      <MaxW>160</MaxW>
      <Color Name="StaticColor" />
      <SelColor Name="TextSelColor" />
      <Align>Center</Align>
      <ResizeAlign>Center</ResizeAlign>
      <Style>Bold</Style>
      <Font>Outline</Font>
      <Text />
    </Text>
    <Text Name="TextNameP4N6">
      <X>749</X>
      <Y>630</Y>
      <Z>0</Z>
      <H>44</H>
      <MaxW>160</MaxW>
      <Color Name="StaticColor" />
      <SelColor Name="TextSelColor" />
      <Align>Center</Align>
      <ResizeAlign>Center</ResizeAlign>
      <Style>Bold</Style>
      <Font>Outline</Font>
      <Text />
    </Text>
    <Text Name="TextScoreP4N6">
      <X>749</X>
      <Y>142</Y>
      <Z>0</Z>
      <H>27</H>
      <MaxW>160</MaxW>
      <Color Name="StaticColor" />
      <SelColor Name="TextSelColor" />
      <Align>Center</Align>
      <ResizeAlign>Center</ResizeAlign>
      <Style>Bold</Style>
      <Font>Outline</Font>
      <Text />
    </Text>
    <Text Name="TextRatingP4N6">
      <X>749</X>
      <Y>107</Y>
      <Z>0</Z>
      <H>27</H>
      <MaxW>160</MaxW>
      <Color Name="StaticColor" />
      <SelColor Name="TextSelColor" />
      <Align>Center</Align>
      <ResizeAlign>Center</ResizeAlign>
      <Style>Bold</Style>
      <Font>Outline</Font>
      <Text />
    </Text>
    <Text Name="TextDifficultyP4N6">
      <X>749</X>
      <Y>670</Y>
      <Z>0</Z>
      <H>28</H>
      <MaxW>160</MaxW>
      <Color Name="StaticColor" />
      <SelColor Name="TextSelColor" />
      <Align>Center</Align>
      <ResizeAlign>Center</ResizeAlign>
      <Style>Bold</Style>
      <Font>Outline</Font>
      <Text />
    </Text>
    <Text Name="TextNameP5N6">
      <X>957</X>
      <Y>630</Y>
      <Z>0</Z>
      <H>44</H>
      <MaxW>160</MaxW>
      <Color Name="StaticColor" />
      <SelColor Name="TextSelColor" />
      <Align>Center</Align>
      <ResizeAlign>Center</ResizeAlign>
      <Style>Bold</Style>
      <Font>Outline</Font>
      <Text />
    </Text>
    <Text Name="TextScoreP5N6">
      <X>957</X>
      <Y>142</Y>
      <Z>0</Z>
      <H>27</H>
      <MaxW>160</MaxW>
      <Color Name="StaticColor" />
      <SelColor Name="TextSelColor" />
      <Align>Center</Align>
      <ResizeAlign>Center</ResizeAlign>
      <Style>Bold</Style>
      <Font>Outline</Font>
      <Text />
    </Text>
    <Text Name="TextRatingP5N6">
      <X>957</X>
      <Y>107</Y>
      <Z>0</Z>
      <H>27</H>
      <MaxW>160</MaxW>
      <Color Name="StaticColor" />
      <SelColor Name="TextSelColor" />
      <Align>Center</Align>
      <ResizeAlign>Center</ResizeAlign>
      <Style>Bold</Style>
      <Font>Outline</Font>
      <Text />
    </Text>
    <Text Name="TextDifficultyP5N6">
      <X>957</X>
      <Y>670</Y>
      <Z>0</Z>
      <H>28</H>
      <MaxW>160</MaxW>
      <Color Name="StaticColor" />
      <SelColor Name="TextSelColor" />
      <Align>Center</Align>
      <ResizeAlign>Center</ResizeAlign>
      <Style>Bold</Style>
      <Font>Outline</Font>
      <Text />
    </Text>
    <Text Name="TextNameP6N6">
      <X>1165</X>
      <Y>630</Y>
      <Z>0</Z>
      <H>44</H>
      <MaxW>160</MaxW>
      <Color Name="StaticColor" />
      <SelColor Name="TextSelColor" />
      <Align>Center</Align>
      <ResizeAlign>Center</ResizeAlign>
      <Style>Bold</Style>
      <Font>Outline</Font>
      <Text />
    </Text>
    <Text Name="TextScoreP6N6">
      <X>1165</X>
      <Y>142</Y>
      <Z>0</Z>
      <H>27</H>
      <MaxW>160</MaxW>
      <Color Name="StaticColor" />
      <SelColor Name="TextSelColor" />
      <Align>Center</Align>
      <ResizeAlign>Center</ResizeAlign>
      <Style>Bold</Style>
      <Font>Outline</Font>
      <Text />
    </Text>
    <Text Name="TextRatingP6N6">
      <X>1165</X>
      <Y>107</Y>
      <Z>0</Z>
      <H>27</H>
      <MaxW>160</MaxW>
      <Color Name="StaticColor" />
      <SelColor Name="TextSelColor" />
      <Align>Center</Align>
      <ResizeAlign>Center</ResizeAlign>
      <Style>Bold</Style>
      <Font>Outline</Font>
      <Text />
    </Text>
    <Text Name="TextDifficultyP6N6">
      <X>1165</X>
      <Y>670</Y>
      <Z>0</Z>
      <H>28</H>
      <MaxW>160</MaxW>
      <Color Name="StaticColor" />
      <SelColor Name="TextSelColor" />
      <Align>Center</Align>
      <ResizeAlign>Center</ResizeAlign>
      <Style>Bold</Style>
      <Font>Outline</Font>
      <Text />
    </Text>
  </Texts>
  <Buttons />
  <SongMenus />
  <Lyrics />
  <SelectSlides />
  <SingNotes />
  <NameSelections />
  <Equalizers />
  <Playlists />
  <ParticleEffects />
  <ScreenSettings>
    <ScreenSetting Name="ScreenSettingShortScore">
      <Value>7</Value>
      <Type>Int</Type>
    </ScreenSetting>
    <ScreenSetting Name="ScreenSettingShortRating">
      <Value>4</Value>
      <Type>Int</Type>
    </ScreenSetting>
    <ScreenSetting Name="ScreenSettingShortDifficulty">
      <Value>4</Value>
      <Type>Int</Type>
    </ScreenSetting>
    <ScreenSetting Name="ScreenSettingAnimationDirection">
      <Value>Horizontal</Value>
      <Type>String</Type>
    </ScreenSetting>
  </ScreenSettings>
</Screen>