<?xml version="1.0" encoding="utf-8"?>
<Screen xmlns:xsd="http://www.w3.org/2001/XMLSchema" xmlns:xsi="http://www.w3.org/2001/XMLSchema-instance">
  <Informations>
    <ScreenName>ScreenHighscore</ScreenName>
    <ScreenVersion>2</ScreenVersion>
  </Informations>
  <Backgrounds>
    <Background Name="Background1">
      <Type>Video</Type>
      <SlideShowTextures />
      <Video>BG_Video</Video>
      <Skin>BG_Default</Skin>
      <Color Name="BackgroundColor" />
    </Background>
  </Backgrounds>
  <Statics>
    <Static Name="Static1">
      <Skin>Menu</Skin>
      <Color Name="StaticColor" />
      <Rect>
        <X>40</X>
        <Y>40</Y>
        <W>1200</W>
        <H>50</H>
        <Z>0</Z>
      </Rect>
    </Static>
    <Static Name="Static2">
      <Skin>TextBG</Skin>
      <Color Name="Invisible" />
      <Rect>
        <X>50</X>
        <Y>90</Y>
        <W>1180</W>
        <H>610</H>
        <Z>0</Z>
      </Rect>
    </Static>
  </Statics>
  <Texts>
    <Text Name="Text1">
      <X>60</X>
      <Y>50</Y>
      <Z>0</Z>
      <H>27</H>
      <MaxW>0</MaxW>
      <Color Name="StaticColor" />
      <SelColor Name="TextSelColor" />
      <Align>Left</Align>
      <ResizeAlign>Center</ResizeAlign>
      <Style>Bold</Style>
      <Font>Outline</Font>
      <Text>TR_SCREENHIGHSCORE_HIGHSCORE</Text>
    </Text>
    <Text Name="TextSongName">
      <X>640</X>
      <Y>50</Y>
      <Z>0</Z>
      <H>27</H>
      <MaxW>0</MaxW>
      <Color Name="StaticColor" />
      <SelColor Name="TextSelColor" />
      <Align>Center</Align>
      <ResizeAlign>Center</ResizeAlign>
      <Style>Bold</Style>
      <Font>Outline</Font>
      <Text />
    </Text>
    <Text Name="TextSongMode">
      <X>1220</X>
      <Y>50</Y>
      <Z>0</Z>
      <H>27</H>
      <MaxW>0</MaxW>
      <Color Name="StaticColor" />
      <SelColor Name="TextSelColor" />
      <Align>Right</Align>
      <ResizeAlign>Center</ResizeAlign>
      <Style>Bold</Style>
      <Font>Outline</Font>
      <Text />
    </Text>
    <Text Name="TextNumber1">
      <X>120</X>
      <Y>103</Y>
      <Z>0</Z>
      <H>35</H>
      <MaxW>0</MaxW>
      <Color Name="StaticColor" />
      <SelColor Name="TextSelColor" />
      <Align>Right</Align>
      <ResizeAlign>Center</ResizeAlign>
      <Style>Bold</Style>
      <Font>Outline</Font>
      <Text />
    </Text>
    <Text Name="TextNumber2">
      <X>120</X>
      <Y>160</Y>
      <Z>0</Z>
      <H>42</H>
      <MaxW>0</MaxW>
      <Color Name="StaticColor" />
      <SelColor Name="TextSelColor" />
      <Align>Right</Align>
      <ResizeAlign>Center</ResizeAlign>
      <Style>Bold</Style>
      <Font>Outline</Font>
      <Text />
    </Text>
    <Text Name="TextNumber3">
      <X>120</X>
      <Y>223</Y>
      <Z>0</Z>
      <H>35</H>
      <MaxW>0</MaxW>
      <Color Name="StaticColor" />
      <SelColor Name="TextSelColor" />
      <Align>Right</Align>
      <ResizeAlign>Center</ResizeAlign>
      <Style>Bold</Style>
      <Font>Outline</Font>
      <Text />
    </Text>
    <Text Name="TextNumber4">
      <X>120</X>
      <Y>283</Y>
      <Z>0</Z>
      <H>35</H>
      <MaxW>0</MaxW>
      <Color Name="StaticColor" />
      <SelColor Name="TextSelColor" />
      <Align>Right</Align>
      <ResizeAlign>Center</ResizeAlign>
      <Style>Bold</Style>
      <Font>Outline</Font>
      <Text />
    </Text>
    <Text Name="TextNumber5">
      <X>120</X>
      <Y>343</Y>
      <Z>0</Z>
      <H>35</H>
      <MaxW>0</MaxW>
      <Color Name="StaticColor" />
      <SelColor Name="TextSelColor" />
      <Align>Right</Align>
      <ResizeAlign>Center</ResizeAlign>
      <Style>Bold</Style>
      <Font>Outline</Font>
      <Text />
    </Text>
    <Text Name="TextNumber6">
      <X>120</X>
      <Y>403</Y>
      <Z>0</Z>
      <H>35</H>
      <MaxW>0</MaxW>
      <Color Name="StaticColor" />
      <SelColor Name="TextSelColor" />
      <Align>Right</Align>
      <ResizeAlign>Center</ResizeAlign>
      <Style>Bold</Style>
      <Font>Outline</Font>
      <Text />
    </Text>
    <Text Name="TextNumber7">
      <X>120</X>
      <Y>463</Y>
      <Z>0</Z>
      <H>35</H>
      <MaxW>0</MaxW>
      <Color Name="StaticColor" />
      <SelColor Name="TextSelColor" />
      <Align>Right</Align>
      <ResizeAlign>Center</ResizeAlign>
      <Style>Bold</Style>
      <Font>Outline</Font>
      <Text />
    </Text>
    <Text Name="TextNumber8">
      <X>120</X>
      <Y>523</Y>
      <Z>0</Z>
      <H>35</H>
      <MaxW>0</MaxW>
      <Color Name="StaticColor" />
      <SelColor Name="TextSelColor" />
      <Align>Right</Align>
      <ResizeAlign>Center</ResizeAlign>
      <Style>Bold</Style>
      <Font>Outline</Font>
      <Text />
    </Text>
    <Text Name="TextNumber9">
      <X>120</X>
      <Y>583</Y>
      <Z>0</Z>
      <H>35</H>
      <MaxW>0</MaxW>
      <Color Name="StaticColor" />
      <SelColor Name="TextSelColor" />
      <Align>Right</Align>
      <ResizeAlign>Center</ResizeAlign>
      <Style>Bold</Style>
      <Font>Outline</Font>
      <Text />
    </Text>
    <Text Name="TextNumber10">
      <X>120</X>
      <Y>643</Y>
      <Z>0</Z>
      <H>35</H>
      <MaxW>0</MaxW>
      <Color Name="StaticColor" />
      <SelColor Name="TextSelColor" />
      <Align>Right</Align>
      <ResizeAlign>Center</ResizeAlign>
      <Style>Bold</Style>
      <Font>Outline</Font>
      <Text />
    </Text>
    <Text Name="TextName1">
      <X>200</X>
      <Y>103</Y>
      <Z>0</Z>
      <H>35</H>
      <MaxW>0</MaxW>
      <Color Name="StaticColor" />
      <SelColor Name="TextSelColor" />
      <Align>Left</Align>
      <ResizeAlign>Center</ResizeAlign>
      <Style>Bold</Style>
      <Font>Outline</Font>
      <Text />
    </Text>
    <Text Name="TextName2">
      <X>200</X>
      <Y>163</Y>
      <Z>0</Z>
      <H>35</H>
      <MaxW>0</MaxW>
      <Color Name="StaticColor" />
      <SelColor Name="TextSelColor" />
      <Align>Left</Align>
      <ResizeAlign>Center</ResizeAlign>
      <Style>Bold</Style>
      <Font>Outline</Font>
      <Text />
    </Text>
    <Text Name="TextName3">
      <X>200</X>
      <Y>223</Y>
      <Z>0</Z>
      <H>35</H>
      <MaxW>0</MaxW>
      <Color Name="StaticColor" />
      <SelColor Name="TextSelColor" />
      <Align>Left</Align>
      <ResizeAlign>Center</ResizeAlign>
      <Style>Bold</Style>
      <Font>Outline</Font>
      <Text />
    </Text>
    <Text Name="TextName4">
      <X>200</X>
      <Y>283</Y>
      <Z>0</Z>
      <H>35</H>
      <MaxW>0</MaxW>
      <Color Name="StaticColor" />
      <SelColor Name="TextSelColor" />
      <Align>Left</Align>
      <ResizeAlign>Center</ResizeAlign>
      <Style>Bold</Style>
      <Font>Outline</Font>
      <Text />
    </Text>
    <Text Name="TextName5">
      <X>200</X>
      <Y>343</Y>
      <Z>0</Z>
      <H>35</H>
      <MaxW>0</MaxW>
      <Color Name="StaticColor" />
      <SelColor Name="TextSelColor" />
      <Align>Left</Align>
      <ResizeAlign>Center</ResizeAlign>
      <Style>Bold</Style>
      <Font>Outline</Font>
      <Text />
    </Text>
    <Text Name="TextName6">
      <X>200</X>
      <Y>403</Y>
      <Z>0</Z>
      <H>35</H>
      <MaxW>0</MaxW>
      <Color Name="StaticColor" />
      <SelColor Name="TextSelColor" />
      <Align>Left</Align>
      <ResizeAlign>Center</ResizeAlign>
      <Style>Bold</Style>
      <Font>Outline</Font>
      <Text />
    </Text>
    <Text Name="TextName7">
      <X>200</X>
      <Y>463</Y>
      <Z>0</Z>
      <H>35</H>
      <MaxW>0</MaxW>
      <Color Name="StaticColor" />
      <SelColor Name="TextSelColor" />
      <Align>Left</Align>
      <ResizeAlign>Center</ResizeAlign>
      <Style>Bold</Style>
      <Font>Outline</Font>
      <Text />
    </Text>
    <Text Name="TextName8">
      <X>200</X>
      <Y>523</Y>
      <Z>0</Z>
      <H>35</H>
      <MaxW>0</MaxW>
      <Color Name="StaticColor" />
      <SelColor Name="TextSelColor" />
      <Align>Left</Align>
      <ResizeAlign>Center</ResizeAlign>
      <Style>Bold</Style>
      <Font>Outline</Font>
      <Text />
    </Text>
    <Text Name="TextName9">
      <X>200</X>
      <Y>583</Y>
      <Z>0</Z>
      <H>35</H>
      <MaxW>0</MaxW>
      <Color Name="StaticColor" />
      <SelColor Name="TextSelColor" />
      <Align>Left</Align>
      <ResizeAlign>Center</ResizeAlign>
      <Style>Bold</Style>
      <Font>Outline</Font>
      <Text />
    </Text>
    <Text Name="TextName10">
      <X>200</X>
      <Y>643</Y>
      <Z>0</Z>
      <H>35</H>
      <MaxW>0</MaxW>
      <Color Name="StaticColor" />
      <SelColor Name="TextSelColor" />
      <Align>Left</Align>
      <ResizeAlign>Center</ResizeAlign>
      <Style>Bold</Style>
      <Font>Outline</Font>
      <Text />
    </Text>
    <Text Name="TextScore1">
      <X>800</X>
      <Y>103</Y>
      <Z>0</Z>
      <H>35</H>
      <MaxW>0</MaxW>
      <Color Name="StaticColor" />
      <SelColor Name="TextSelColor" />
      <Align>Left</Align>
      <ResizeAlign>Center</ResizeAlign>
      <Style>Bold</Style>
      <Font>Outline</Font>
      <Text />
    </Text>
    <Text Name="TextScore2">
      <X>800</X>
      <Y>163</Y>
      <Z>0</Z>
      <H>35</H>
      <MaxW>0</MaxW>
      <Color Name="StaticColor" />
      <SelColor Name="TextSelColor" />
      <Align>Left</Align>
      <ResizeAlign>Center</ResizeAlign>
      <Style>Bold</Style>
      <Font>Outline</Font>
      <Text />
    </Text>
    <Text Name="TextScore3">
      <X>800</X>
      <Y>223</Y>
      <Z>0</Z>
      <H>35</H>
      <MaxW>0</MaxW>
      <Color Name="StaticColor" />
      <SelColor Name="TextSelColor" />
      <Align>Left</Align>
      <ResizeAlign>Center</ResizeAlign>
      <Style>Bold</Style>
      <Font>Outline</Font>
      <Text />
    </Text>
    <Text Name="TextScore4">
      <X>800</X>
      <Y>283</Y>
      <Z>0</Z>
      <H>35</H>
      <MaxW>0</MaxW>
      <Color Name="StaticColor" />
      <SelColor Name="TextSelColor" />
      <Align>Left</Align>
      <ResizeAlign>Center</ResizeAlign>
      <Style>Bold</Style>
      <Font>Outline</Font>
      <Text />
    </Text>
    <Text Name="TextScore5">
      <X>800</X>
      <Y>343</Y>
      <Z>0</Z>
      <H>35</H>
      <MaxW>0</MaxW>
      <Color Name="StaticColor" />
      <SelColor Name="TextSelColor" />
      <Align>Left</Align>
      <ResizeAlign>Center</ResizeAlign>
      <Style>Bold</Style>
      <Font>Outline</Font>
      <Text />
    </Text>
    <Text Name="TextScore6">
      <X>800</X>
      <Y>403</Y>
      <Z>0</Z>
      <H>35</H>
      <MaxW>0</MaxW>
      <Color Name="StaticColor" />
      <SelColor Name="TextSelColor" />
      <Align>Left</Align>
      <ResizeAlign>Center</ResizeAlign>
      <Style>Bold</Style>
      <Font>Outline</Font>
      <Text />
    </Text>
    <Text Name="TextScore7">
      <X>800</X>
      <Y>463</Y>
      <Z>0</Z>
      <H>35</H>
      <MaxW>0</MaxW>
      <Color Name="StaticColor" />
      <SelColor Name="TextSelColor" />
      <Align>Left</Align>
      <ResizeAlign>Center</ResizeAlign>
      <Style>Bold</Style>
      <Font>Outline</Font>
      <Text />
    </Text>
    <Text Name="TextScore8">
      <X>800</X>
      <Y>523</Y>
      <Z>0</Z>
      <H>35</H>
      <MaxW>0</MaxW>
      <Color Name="StaticColor" />
      <SelColor Name="TextSelColor" />
      <Align>Left</Align>
      <ResizeAlign>Center</ResizeAlign>
      <Style>Bold</Style>
      <Font>Outline</Font>
      <Text />
    </Text>
    <Text Name="TextScore9">
      <X>800</X>
      <Y>583</Y>
      <Z>0</Z>
      <H>35</H>
      <MaxW>0</MaxW>
      <Color Name="StaticColor" />
      <SelColor Name="TextSelColor" />
      <Align>Left</Align>
      <ResizeAlign>Center</ResizeAlign>
      <Style>Bold</Style>
      <Font>Outline</Font>
      <Text />
    </Text>
    <Text Name="TextScore10">
      <X>800</X>
      <Y>643</Y>
      <Z>0</Z>
      <H>35</H>
      <MaxW>0</MaxW>
      <Color Name="StaticColor" />
      <SelColor Name="TextSelColor" />
      <Align>Left</Align>
      <ResizeAlign>Center</ResizeAlign>
      <Style>Bold</Style>
      <Font>Outline</Font>
      <Text />
    </Text>
    <Text Name="TextDate1">
      <X>1000</X>
      <Y>103</Y>
      <Z>0</Z>
      <H>35</H>
      <MaxW>0</MaxW>
      <Color Name="StaticColor" />
      <SelColor Name="TextSelColor" />
      <Align>Left</Align>
      <ResizeAlign>Center</ResizeAlign>
      <Style>Bold</Style>
      <Font>Outline</Font>
      <Text />
    </Text>
    <Text Name="TextDate2">
      <X>1000</X>
      <Y>163</Y>
      <Z>0</Z>
      <H>35</H>
      <MaxW>0</MaxW>
      <Color Name="StaticColor" />
      <SelColor Name="TextSelColor" />
      <Align>Left</Align>
      <ResizeAlign>Center</ResizeAlign>
      <Style>Bold</Style>
      <Font>Outline</Font>
      <Text />
    </Text>
    <Text Name="TextDate3">
      <X>1000</X>
      <Y>223</Y>
      <Z>0</Z>
      <H>35</H>
      <MaxW>0</MaxW>
      <Color Name="StaticColor" />
      <SelColor Name="TextSelColor" />
      <Align>Left</Align>
      <ResizeAlign>Center</ResizeAlign>
      <Style>Bold</Style>
      <Font>Outline</Font>
      <Text />
    </Text>
    <Text Name="TextDate4">
      <X>1000</X>
      <Y>283</Y>
      <Z>0</Z>
      <H>35</H>
      <MaxW>0</MaxW>
      <Color Name="StaticColor" />
      <SelColor Name="TextSelColor" />
      <Align>Left</Align>
      <ResizeAlign>Center</ResizeAlign>
      <Style>Bold</Style>
      <Font>Outline</Font>
      <Text />
    </Text>
    <Text Name="TextDate5">
      <X>1000</X>
      <Y>343</Y>
      <Z>0</Z>
      <H>35</H>
      <MaxW>0</MaxW>
      <Color Name="StaticColor" />
      <SelColor Name="TextSelColor" />
      <Align>Left</Align>
      <ResizeAlign>Center</ResizeAlign>
      <Style>Bold</Style>
      <Font>Outline</Font>
      <Text />
    </Text>
    <Text Name="TextDate6">
      <X>1000</X>
      <Y>403</Y>
      <Z>0</Z>
      <H>35</H>
      <MaxW>0</MaxW>
      <Color Name="StaticColor" />
      <SelColor Name="TextSelColor" />
      <Align>Left</Align>
      <ResizeAlign>Center</ResizeAlign>
      <Style>Bold</Style>
      <Font>Outline</Font>
      <Text />
    </Text>
    <Text Name="TextDate7">
      <X>1000</X>
      <Y>463</Y>
      <Z>0</Z>
      <H>35</H>
      <MaxW>0</MaxW>
      <Color Name="StaticColor" />
      <SelColor Name="TextSelColor" />
      <Align>Left</Align>
      <ResizeAlign>Center</ResizeAlign>
      <Style>Bold</Style>
      <Font>Outline</Font>
      <Text />
    </Text>
    <Text Name="TextDate8">
      <X>1000</X>
      <Y>523</Y>
      <Z>0</Z>
      <H>35</H>
      <MaxW>0</MaxW>
      <Color Name="StaticColor" />
      <SelColor Name="TextSelColor" />
      <Align>Left</Align>
      <ResizeAlign>Center</ResizeAlign>
      <Style>Bold</Style>
      <Font>Outline</Font>
      <Text />
    </Text>
    <Text Name="TextDate9">
      <X>1000</X>
      <Y>583</Y>
      <Z>0</Z>
      <H>35</H>
      <MaxW>0</MaxW>
      <Color Name="StaticColor" />
      <SelColor Name="TextSelColor" />
      <Align>Left</Align>
      <ResizeAlign>Center</ResizeAlign>
      <Style>Bold</Style>
      <Font>Outline</Font>
      <Text />
    </Text>
    <Text Name="TextDate10">
      <X>1000</X>
      <Y>643</Y>
      <Z>0</Z>
      <H>35</H>
      <MaxW>0</MaxW>
      <Color Name="StaticColor" />
      <SelColor Name="TextSelColor" />
      <Align>Left</Align>
      <ResizeAlign>Center</ResizeAlign>
      <Style>Bold</Style>
      <Font>Outline</Font>
      <Text />
    </Text>
  </Texts>
  <Buttons />
  <SongMenus />
  <Lyrics />
  <SelectSlides />
  <SingNotes />
  <NameSelections />
  <Equalizers />
  <Playlists />
  <ParticleEffects>
    <ParticleEffect Name="ParticleEffectNew1">
      <Skin>Star</Skin>
      <Rect>
        <X>80</X>
        <Y>100</Y>
        <W>1080</W>
        <H>35</H>
        <Z>1</Z>
      </Rect>
      <Color Name="StaticColor" />
      <Type>Star</Type>
      <Size>25</Size>
      <MaxNumber>250</MaxNumber>
    </ParticleEffect>
    <ParticleEffect Name="ParticleEffectNew2">
      <Skin>Star</Skin>
      <Rect>
        <X>80</X>
        <Y>160</Y>
        <W>1080</W>
        <H>35</H>
        <Z>1</Z>
      </Rect>
      <Color Name="StaticColor" />
      <Type>Star</Type>
      <Size>25</Size>
      <MaxNumber>250</MaxNumber>
    </ParticleEffect>
    <ParticleEffect Name="ParticleEffectNew3">
      <Skin>Star</Skin>
      <Rect>
        <X>80</X>
        <Y>220</Y>
        <W>1080</W>
        <H>35</H>
        <Z>1</Z>
      </Rect>
      <Color Name="StaticColor" />
      <Type>Star</Type>
      <Size>25</Size>
      <MaxNumber>250</MaxNumber>
    </ParticleEffect>
    <ParticleEffect Name="ParticleEffectNew4">
      <Skin>Star</Skin>
      <Rect>
        <X>80</X>
        <Y>280</Y>
        <W>1080</W>
        <H>35</H>
        <Z>1</Z>
      </Rect>
      <Color Name="StaticColor" />
      <Type>Star</Type>
      <Size>25</Size>
      <MaxNumber>250</MaxNumber>
    </ParticleEffect>
    <ParticleEffect Name="ParticleEffectNew5">
      <Skin>Star</Skin>
      <Rect>
        <X>80</X>
        <Y>340</Y>
        <W>1080</W>
        <H>35</H>
        <Z>1</Z>
      </Rect>
      <Color Name="StaticColor" />
      <Type>Star</Type>
      <Size>25</Size>
      <MaxNumber>250</MaxNumber>
    </ParticleEffect>
    <ParticleEffect Name="ParticleEffectNew6">
      <Skin>Star</Skin>
      <Rect>
        <X>80</X>
        <Y>400</Y>
        <W>1080</W>
        <H>35</H>
        <Z>1</Z>
      </Rect>
      <Color Name="StaticColor" />
      <Type>Star</Type>
      <Size>25</Size>
      <MaxNumber>250</MaxNumber>
    </ParticleEffect>
    <ParticleEffect Name="ParticleEffectNew7">
      <Skin>Star</Skin>
      <Rect>
        <X>80</X>
        <Y>460</Y>
        <W>1080</W>
        <H>35</H>
        <Z>1</Z>
      </Rect>
      <Color Name="StaticColor" />
      <Type>Star</Type>
      <Size>25</Size>
      <MaxNumber>250</MaxNumber>
    </ParticleEffect>
    <ParticleEffect Name="ParticleEffectNew8">
      <Skin>Star</Skin>
      <Rect>
        <X>80</X>
        <Y>520</Y>
        <W>1080</W>
        <H>35</H>
        <Z>1</Z>
      </Rect>
      <Color Name="StaticColor" />
      <Type>Star</Type>
      <Size>25</Size>
      <MaxNumber>250</MaxNumber>
    </ParticleEffect>
    <ParticleEffect Name="ParticleEffectNew9">
      <Skin>Star</Skin>
      <Rect>
        <X>80</X>
        <Y>580</Y>
        <W>1080</W>
        <H>35</H>
        <Z>1</Z>
      </Rect>
      <Color Name="StaticColor" />
      <Type>Star</Type>
      <Size>25</Size>
      <MaxNumber>250</MaxNumber>
    </ParticleEffect>
    <ParticleEffect Name="ParticleEffectNew10">
      <Skin>Star</Skin>
      <Rect>
        <X>80</X>
        <Y>640</Y>
        <W>1080</W>
        <H>35</H>
        <Z>1</Z>
      </Rect>
      <Color Name="StaticColor" />
      <Type>Star</Type>
      <Size>25</Size>
      <MaxNumber>250</MaxNumber>
    </ParticleEffect>
  </ParticleEffects>
  <ScreenSettings />
</Screen>