<?xml version="1.0" encoding="utf-8"?>
<Screen xmlns:xsd="http://www.w3.org/2001/XMLSchema" xmlns:xsi="http://www.w3.org/2001/XMLSchema-instance">
  <Informations>
    <ScreenName>ScreenOptionsRecord</ScreenName>
    <ScreenVersion>4</ScreenVersion>
  </Informations>
  <Backgrounds>
    <Background Name="Background1">
      <Type>Video</Type>
      <SlideShowTextures />
      <Video>BG_Video</Video>
      <Skin>BG_Options</Skin>
      <Color Name="BackgroundColor" />
    </Background>
  </Backgrounds>
  <Statics>
    <Static Name="Static1">
      <Skin>Menu</Skin>
      <Color Name="StaticColor" />
      <Rect>
        <X>40</X>
        <Y>40</Y>
        <W>1200</W>
        <H>50</H>
        <Z>0</Z>
      </Rect>
    </Static>
    <Static Name="Static2">
      <Skin/>
      <Color Name="Invisible" />
      <Rect>
        <X>50</X>
        <Y>100</Y>
        <W>460</W>
        <H>50</H>
        <Z>0</Z>
      </Rect>
    </Static>
    <Static Name="Static3">
      <Skin/>
      <Color Name="Invisible" />
      <Rect>
        <X>50</X>
        <Y>160</Y>
        <W>460</W>
        <H>50</H>
        <Z>0</Z>
      </Rect>
    </Static>
    <Static Name="Static4">
      <Skin/>
      <Color Name="Invisible" />
      <Rect>
        <X>50</X>
        <Y>220</Y>
        <W>460</W>
        <H>50</H>
        <Z>0</Z>
      </Rect>
    </Static>
    <Static Name="Static5">
      <Skin/>
      <Color Name="Invisible" />
      <Rect>
        <X>50</X>
        <Y>280</Y>
        <W>460</W>
        <H>50</H>
        <Z>0</Z>
      </Rect>
    </Static>
    <Static Name="Static6">
      <Skin/>
      <Color Name="Invisible" />
      <Rect>
        <X>50</X>
        <Y>340</Y>
        <W>460</W>
        <H>50</H>
        <Z>0</Z>
      </Rect>
    </Static>
    <Static Name="StaticWarning">
      <Skin/>
      <Color Name="Invisible" />
      <Rect>
        <X>145</X>
        <Y>530</Y>
        <W>990</W>
        <H>50</H>
        <Z>0</Z>
      </Rect>
    </Static>
    <Static Name="StaticEnergyChannel1">
      <Skin>EnergyBeam</Skin>
      <Color Name="Visible" />
      <Rect>
        <X>390</X>
        <Y>234</Y>
        <W>100</W>
        <H>16</H>
        <Z>0</Z>
      </Rect>
    </Static>
    <Static Name="StaticEnergyChannel2">
      <Skin>EnergyBeam</Skin>
      <Color Name="Visible" />
      <Rect>
        <X>390</X>
        <Y>296</Y>
        <W>100</W>
        <H>16</H>
        <Z>0</Z>
      </Rect>
    </Static>
  </Statics>
  <Texts>
    <Text Name="Text1">
      <X>640</X>
      <Y>55</Y>
      <Z>0</Z>
      <H>27</H>
      <MaxW>0</MaxW>
      <Color Name="StaticColor" />
      <SelColor Name="TextSelColor" />
      <Align>Center</Align>
      <ResizeAlign>Center</ResizeAlign>
      <Style>Bold</Style>
      <Font>Outline</Font>
      <Text>TR_SCREENORECORD_OPTIONS</Text>
    </Text>
    <Text Name="Text2">
      <X>75</X>
      <Y>106</Y>
      <Z>0</Z>
      <H>27</H>
      <MaxW>0</MaxW>
      <Color Name="StaticColor" />
      <SelColor Name="TextSelColor" />
      <Align>Left</Align>
      <ResizeAlign>Center</ResizeAlign>
      <Style>Bold</Style>
      <Font>Outline</Font>
      <Text>TR_SCREENORECORD_DEVICE</Text>
    </Text>
    <Text Name="Text3">
      <X>75</X>
      <Y>347</Y>
      <Z>0</Z>
      <H>27</H>
      <MaxW>0</MaxW>
      <Color Name="StaticColor" />
      <SelColor Name="TextSelColor" />
      <Align>Left</Align>
      <ResizeAlign>Center</ResizeAlign>
      <Style>Bold</Style>
      <Font>Outline</Font>
      <Text>TR_SCREENORECORD_MIC_DELAY</Text>
    </Text>
    <Text Name="TextWarning">
      <X>640</X>
      <Y>537</Y>
      <Z>0</Z>
      <H>27</H>
      <MaxW>970</MaxW>
      <Color Name="TextWarningColor" />
      <SelColor Name="TextWarningColor" />
      <Align>Center</Align>
      <ResizeAlign>Center</ResizeAlign>
      <Style>Bold</Style>
      <Font>Outline</Font>
      <Text>TR_SCREENORECORD_MIC_WARNING</Text>
    </Text>
    <Text Name="TextChannel1">
      <X>75</X>
      <Y>227</Y>
      <Z>0</Z>
      <H>27</H>
      <MaxW>0</MaxW>
      <Color Name="StaticColor" />
      <SelColor Name="TextSelColor" />
      <Align>Left</Align>
      <ResizeAlign>Center</ResizeAlign>
      <Style>Bold</Style>
      <Font>Outline</Font>
      <Text>TR_SCREENORECORD_CHANNEL_1</Text>
    </Text>
    <Text Name="TextChannel2">
      <X>75</X>
      <Y>287</Y>
      <Z>0</Z>
      <H>27</H>
      <MaxW>0</MaxW>
      <Color Name="StaticColor" />
      <SelColor Name="TextSelColor" />
      <Align>Left</Align>
      <ResizeAlign>Center</ResizeAlign>
      <Style>Bold</Style>
      <Font>Outline</Font>
      <Text>TR_SCREENORECORD_CHANNEL_2</Text>
    </Text>
    <Text Name="TextDelayChannel1">
      <X>330</X>
      <Y>227</Y>
      <Z>-1</Z>
      <H>27</H>
      <MaxW>0</MaxW>
      <Color Name="StaticColor" />
      <SelColor Name="TextSelColor" />
      <Align>Right</Align>
      <ResizeAlign>Center</ResizeAlign>
      <Style>Bold</Style>
      <Font>Outline</Font>
      <Text />
    </Text>
    <Text Name="TextDelayChannel2">
      <X>330</X>
      <Y>287</Y>
      <Z>-1</Z>
      <H>27</H>
      <MaxW>0</MaxW>
      <Color Name="StaticColor" />
      <SelColor Name="TextSelColor" />
      <Align>Right</Align>
      <ResizeAlign>Center</ResizeAlign>
      <Style>Bold</Style>
      <Font>Outline</Font>
      <Text />
    </Text>
  </Texts>
  <Buttons>
    <Button Name="ButtonExit">
      <Skin>Button</Skin>
      <SkinSelected>Button</SkinSelected>
      <Rect>
        <X>145</X>
        <Y>600</Y>
        <W>150</W>
        <H>50</H>
        <Z>0</Z>
      </Rect>
      <Color Name="ButtonColor" />
      <SelColor Name="ButtonSelColor" />
      <Text Name="Text">
        <X>75</X>
        <Y>12</Y>
        <Z>0</Z>
        <H>27</H>
        <MaxW>142</MaxW>
        <Color Name="ButtonTextColor" />
        <SelColor Name="ButtonTextSelColor" />
        <Align>Center</Align>
        <ResizeAlign>Center</ResizeAlign>
        <Style>Bold</Style>
        <Font>Outline</Font>
        <Text>TR_BUTTON_BACK</Text>
      </Text>
      <Reflection>
        <Height>26</Height>
        <Space>10</Space>
      </Reflection>
      <SelReflection>
        <Height>26</Height>
        <Space>10</Space>
      </SelReflection>
    </Button>
    <Button Name="ButtonDelayTest">
      <Skin>Button</Skin>
      <SkinSelected>Button</SkinSelected>
      <Rect>
        <X>355</X>
        <Y>600</Y>
        <W>150</W>
        <H>50</H>
        <Z>0</Z>
      </Rect>
      <Color Name="ButtonColor" />
      <SelColor Name="ButtonSelColor" />
      <Text Name="Text">
        <X>75</X>
        <Y>12</Y>
        <Z>0</Z>
        <H>27</H>
        <MaxW>142</MaxW>
        <Color Name="ButtonTextColor" />
        <SelColor Name="ButtonTextSelColor" />
        <Align>Center</Align>
        <ResizeAlign>Center</ResizeAlign>
        <Style>Bold</Style>
        <Font>Outline</Font>
        <Text>TR_SCREENORECORD_BUTTON_DELAYTEST</Text>
      </Text>
      <Reflection>
        <Height>26</Height>
        <Space>10</Space>
      </Reflection>
      <SelReflection>
        <Height>26</Height>
        <Space>10</Space>
      </SelReflection>
    </Button>
  </Buttons>
  <SongMenus />
  <Lyrics />
  <SelectSlides>
    <SelectSlide Name="SelectSlideRecordDevices">
      <Skin/>
      <SkinArrowLeft>SelectSlideArrowLeft</SkinArrowLeft>
      <SkinArrowRight>SelectSlideArrowRight</SkinArrowRight>
      <SkinSelected>SelectSlide</SkinSelected>
      <SkinArrowLeftSelected>SelectSlideArrowLeft</SkinArrowLeftSelected>
      <SkinArrowRightSelected>SelectSlideArrowRight</SkinArrowRightSelected>
      <Rect>
        <X>500</X>
        <Y>100</Y>
        <W>700</W>
        <H>50</H>
        <Z>0</Z>
      </Rect>
      <RectArrowLeft>
        <X>505</X>
        <Y>105</Y>
        <W>40</W>
        <H>40</H>
        <Z>0</Z>
      </RectArrowLeft>
      <RectArrowRight>
        <X>1170</X>
        <Y>105</Y>
        <W>40</W>
        <H>40</H>
        <Z>0</Z>
      </RectArrowRight>
      <Color Name="SelectSlideColor" />
      <SelColor Name="SelectSlideSelColor" />
      <ArrowColor Name="ArrowColor" />
      <ArrowSelColor Name="ArrowSelColor" />
      <TextColor Name="TextColor" />
      <TextSelColor Name="TextSelColor" />
      <TextH>27</TextH>
      <TextRelativeX>50</TextRelativeX>
      <TextRelativeY>0</TextRelativeY>
      <TextMaxW>616</TextMaxW>
      <TextFont>Outline</TextFont>
      <TextStyle>Bold</TextStyle>
      <NumVisible>1</NumVisible>
    </SelectSlide>
    <SelectSlide Name="SelectSlideRecordChannel1">
      <Skin/>
      <SkinArrowLeft>SelectSlideArrowLeft</SkinArrowLeft>
      <SkinArrowRight>SelectSlideArrowRight</SkinArrowRight>
      <SkinSelected>SelectSlide</SkinSelected>
      <SkinArrowLeftSelected>SelectSlideArrowLeft</SkinArrowLeftSelected>
      <SkinArrowRightSelected>SelectSlideArrowRight</SkinArrowRightSelected>
      <Rect>
        <X>500</X>
        <Y>220</Y>
        <W>700</W>
        <H>50</H>
        <Z>0</Z>
      </Rect>
      <RectArrowLeft>
        <X>505</X>
        <Y>225</Y>
        <W>40</W>
        <H>40</H>
        <Z>0</Z>
      </RectArrowLeft>
      <RectArrowRight>
        <X>1170</X>
        <Y>225</Y>
        <W>40</W>
        <H>40</H>
        <Z>0</Z>
      </RectArrowRight>
      <Color Name="SelectSlideColor" />
      <SelColor Name="SelectSlideSelColor" />
      <ArrowColor Name="ArrowColor" />
      <ArrowSelColor Name="ArrowSelColor" />
      <TextColor Name="TextColor" />
      <TextSelColor Name="TextSelColor" />
      <TextH>27</TextH>
      <TextRelativeX>50</TextRelativeX>
      <TextRelativeY>0</TextRelativeY>
      <TextMaxW>154</TextMaxW>
      <TextFont>Outline</TextFont>
      <TextStyle>Bold</TextStyle>
      <NumVisible>7</NumVisible>
    </SelectSlide>
    <SelectSlide Name="SelectSlideRecordChannel2">
      <Skin/>
      <SkinArrowLeft>SelectSlideArrowLeft</SkinArrowLeft>
      <SkinArrowRight>SelectSlideArrowRight</SkinArrowRight>
      <SkinSelected>SelectSlide</SkinSelected>
      <SkinArrowLeftSelected>SelectSlideArrowLeft</SkinArrowLeftSelected>
      <SkinArrowRightSelected>SelectSlideArrowRight</SkinArrowRightSelected>
      <Rect>
        <X>500</X>
        <Y>280</Y>
        <W>700</W>
        <H>50</H>
        <Z>0</Z>
      </Rect>
      <RectArrowLeft>
        <X>505</X>
        <Y>285</Y>
        <W>40</W>
        <H>40</H>
        <Z>0</Z>
      </RectArrowLeft>
      <RectArrowRight>
        <X>1170</X>
        <Y>285</Y>
        <W>40</W>
        <H>40</H>
        <Z>0</Z>
      </RectArrowRight>
      <Color Name="SelectSlideColor" />
      <SelColor Name="SelectSlideSelColor" />
      <ArrowColor Name="ArrowColor" />
      <ArrowSelColor Name="ArrowSelColor" />
      <TextColor Name="TextColor" />
      <TextSelColor Name="TextSelColor" />
      <TextH>27</TextH>
      <TextRelativeX>50</TextRelativeX>
      <TextRelativeY>0</TextRelativeY>
      <TextMaxW>154</TextMaxW>
      <TextFont>Outline</TextFont>
      <TextStyle>Bold</TextStyle>
      <NumVisible>7</NumVisible>
    </SelectSlide>
    <SelectSlide Name="SelectSlideDelay">
      <Skin/>
      <SkinArrowLeft>SelectSlideArrowLeft</SkinArrowLeft>
      <SkinArrowRight>SelectSlideArrowRight</SkinArrowRight>
      <SkinSelected>SelectSlide</SkinSelected>
      <SkinArrowLeftSelected>SelectSlideArrowLeft</SkinArrowLeftSelected>
      <SkinArrowRightSelected>SelectSlideArrowRight</SkinArrowRightSelected>
      <Rect>
        <X>500</X>
        <Y>340</Y>
        <W>700</W>
        <H>50</H>
        <Z>0</Z>
      </Rect>
      <RectArrowLeft>
        <X>505</X>
        <Y>345</Y>
        <W>40</W>
        <H>40</H>
        <Z>0</Z>
      </RectArrowLeft>
      <RectArrowRight>
        <X>1170</X>
        <Y>345</Y>
        <W>40</W>
        <H>40</H>
        <Z>0</Z>
      </RectArrowRight>
      <Color Name="SelectSlideColor" />
      <SelColor Name="SelectSlideSelColor" />
      <ArrowColor Name="ArrowColor" />
      <ArrowSelColor Name="ArrowSelColor" />
      <TextColor Name="TextColor" />
      <TextSelColor Name="TextSelColor" />
      <TextH>27</TextH>
      <TextRelativeX>50</TextRelativeX>
      <TextRelativeY>0</TextRelativeY>
      <TextMaxW>123.2</TextMaxW>
      <TextFont>Outline</TextFont>
      <TextStyle>Bold</TextStyle>
      <NumVisible>5</NumVisible>
    </SelectSlide>
  </SelectSlides>
  <SingNotes />
  <NameSelections />
  <Equalizers>
    <Equalizer Name="EqualizerChannel1">
      <Skin/>
      <Rect>
        <X>50</X>
        <Y>400</Y>
        <W>230</W>
        <H>150</H>
        <Z>-1</Z>
      </Rect>
      <NumBars>12</NumBars>
      <Space>2</Space>
      <Style>Columns</Style>
      <DrawNegative>TR_CONFIG_OFF</DrawNegative>
      <Color Name="ButtonColor" />
      <MaxColor Name="ButtonTextColor" />
      <Reflection>
        <Height>26</Height>
        <Space>10</Space>
      </Reflection>
    </Equalizer>
    <Equalizer Name="EqualizerChannel2">
      <Skin/>
      <Rect>
        <X>400</X>
        <Y>400</Y>
        <W>230</W>
        <H>150</H>
        <Z>-1</Z>
      </Rect>
      <NumBars>12</NumBars>
      <Space>2</Space>
      <Style>Columns</Style>
      <DrawNegative>TR_CONFIG_OFF</DrawNegative>
      <Color Name="ButtonColor" />
      <MaxColor Name="ButtonTextColor" />
      <Reflection>
        <Height>26</Height>
        <Space>10</Space>
      </Reflection>
    </Equalizer>
  </Equalizers>
  <Playlists />
  <ParticleEffects />
  <ScreenSettings />
</Screen>
