<?xml version="1.0" encoding="utf-8"?>
<Screen xmlns:xsd="http://www.w3.org/2001/XMLSchema" xmlns:xsi="http://www.w3.org/2001/XMLSchema-instance">
  <Informations>
    <ScreenName>ScreenLoad</ScreenName>
    <ScreenVersion>2</ScreenVersion>
  </Informations>
  <Backgrounds>
    <Background Name="Background1">
      <Type>Texture</Type>
      <SlideShowTextures />
      <Video>BG_Video</Video>
      <Skin>BG_Default</Skin>
      <Color Name="BackgroundColor" />
    </Background>
  </Backgrounds>
  <Statics>
    <Static Name="Static1">
      <Skin>Menu</Skin>
      <Color Name="Invisible" />
      <Rect>
        <X>50</X>
        <Y>644</Y>
        <W>1195</W>
        <H>50</H>
        <Z>0</Z>
      </Rect>
    </Static>
  </Statics>
  <Texts>
    <Text Name="Text1">
      <X>60</X>
      <Y>655</Y>
      <Z>0</Z>
      <H>27</H>
      <MaxW>0</MaxW>
      <Color Name="StaticColor" />
      <SelColor Name="TextSelColor" />
      <Align>Left</Align>
      <ResizeAlign>Center</ResizeAlign>
      <Style>Bold</Style>
      <Font>Outline</Font>
      <Text>TR_SCREENLOAD_LOADING</Text>
    </Text>
    <Text Name="TextStatus">
      <X>240</X>
      <Y>655</Y>
      <Z>0</Z>
      <H>27</H>
      <MaxW>0</MaxW>
      <Color Name="StaticColor" />
      <SelColor Name="TextSelColor" />
      <Align>Left</Align>
      <ResizeAlign>Center</ResizeAlign>
      <Style>Bold</Style>
      <Font>Outline</Font>
      <Text>Gesamt: 168 Lieder (168 geladen)</Text>
    </Text>
    <Text Name="TextProgramName">
      <X>640</X>
      <Y>305</Y>
      <Z>0</Z>
      <H>101</H>
      <MaxW>0</MaxW>
      <Color Name="StaticColor" />
      <SelColor Name="TextSelColor" />
      <Align>Center</Align>
      <ResizeAlign>Center</ResizeAlign>
      <Style>Bold</Style>
      <Font>Outline</Font>
      <Text>TR_PROGRAM_NAME</Text>
    </Text>
  </Texts>
  <Buttons />
  <SongMenus />
  <Lyrics />
  <SelectSlides />
  <SingNotes />
  <NameSelections />
  <Equalizers />
  <Playlists />
  <ParticleEffects />
  <ScreenSettings />
</Screen>