<?xml version="1.0" encoding="utf-8"?>
<Screen xmlns:xsd="http://www.w3.org/2001/XMLSchema" xmlns:xsi="http://www.w3.org/2001/XMLSchema-instance">
  <Informations>
    <ScreenName>ScreenProfiles</ScreenName>
    <ScreenVersion>3</ScreenVersion>
  </Informations>
  <Backgrounds>
    <Background Name="Background1">
      <Type>Video</Type>
      <SlideShowTextures />
      <Video>BG_Video</Video>
      <Skin>BG_Options</Skin>
      <Color Name="BackgroundColor" />
    </Background>
  </Backgrounds>
  <Statics>
    <Static Name="Static1">
      <Skin>Menu</Skin>
      <Color Name="StaticColor" />
      <Rect>
        <X>40</X>
        <Y>40</Y>
        <W>1200</W>
        <H>50</H>
        <Z>0</Z>
      </Rect>
    </Static>
    <Static Name="Static2">
      <Skin/>
      <Color Name="Invisible" />
      <Rect>
        <X>50</X>
        <Y>160</Y>
        <W>460</W>
        <H>50</H>
        <Z>0</Z>
      </Rect>
    </Static>
    <Static Name="Static3">
      <Skin/>
      <Color Name="Invisible" />
      <Rect>
        <X>50</X>
        <Y>220</Y>
        <W>460</W>
        <H>50</H>
        <Z>0</Z>
      </Rect>
    </Static>
    <Static Name="Static4">
      <Skin/>
      <Color Name="Invisible" />
      <Rect>
        <X>50</X>
        <Y>280</Y>
        <W>460</W>
        <H>50</H>
        <Z>0</Z>
      </Rect>
    </Static>
    <Static Name="Static5">
      <Skin/>
      <Color Name="Invisible" />
      <Rect>
        <X>50</X>
        <Y>340</Y>
        <W>460</W>
        <H>50</H>
        <Z>0</Z>
      </Rect>
    </Static>
    <Static Name="Static6">
      <Skin/>
      <Color Name="Invisible" />
      <Rect>
        <X>50</X>
        <Y>400</Y>
        <W>460</W>
        <H>50</H>
        <Z>0</Z>
      </Rect>
    </Static>
    <Static Name="StaticAvatar">
      <Skin />
      <Color Name="Visible" />
      <Rect>
        <X>85</X>
        <Y>110</Y>
        <W>160</W>
        <H>160</H>
        <Z>0</Z>
      </Rect>
    </Static>
  </Statics>
  <Texts>
    <Text Name="Text1">
      <X>640</X>
      <Y>50</Y>
      <Z>0</Z>
      <H>27</H>
      <MaxW>0</MaxW>
      <Color Name="StaticColor" />
      <SelColor Name="TextSelColor" />
      <Align>Center</Align>
      <ResizeAlign>Center</ResizeAlign>
      <Style>Bold</Style>
      <Font>Outline</Font>
      <Text>TR_SCREENPROFILES_PROFILES</Text>
    </Text>
    <Text Name="Text2">
      <X>75</X>
      <Y>287</Y>
      <Z>0</Z>
      <H>27</H>
      <MaxW>0</MaxW>
      <Color Name="StaticColor" />
      <SelColor Name="TextSelColor" />
      <Align>Left</Align>
      <ResizeAlign>Center</ResizeAlign>
      <Style>Bold</Style>
      <Font>Outline</Font>
      <Text>TR_SCREENPROFILES_PLAYERNAME</Text>
    </Text>
    <Text Name="Text3">
      <X>75</X>
      <Y>347</Y>
      <Z>0</Z>
      <H>27</H>
      <MaxW>0</MaxW>
      <Color Name="StaticColor" />
      <SelColor Name="TextSelColor" />
      <Align>Left</Align>
      <ResizeAlign>Center</ResizeAlign>
      <Style>Bold</Style>
      <Font>Outline</Font>
      <Text>TR_SCREENPROFILES_GAMEDIFFICULTY</Text>
    </Text>
    <Text Name="Text4">
      <X>75</X>
      <Y>407</Y>
      <Z>0</Z>
      <H>27</H>
      <MaxW>0</MaxW>
      <Color Name="StaticColor" />
      <SelColor Name="TextSelColor" />
      <Align>Left</Align>
      <ResizeAlign>Center</ResizeAlign>
      <Style>Bold</Style>
      <Font>Outline</Font>
      <Text>TR_SCREENPROFILES_AVATAR</Text>
    </Text>
    <Text Name="Text5">
      <X>75</X>
      <Y>467</Y>
      <Z>0</Z>
      <H>27</H>
      <MaxW>0</MaxW>
      <Color Name="StaticColor" />
      <SelColor Name="TextSelColor" />
      <Align>Left</Align>
      <ResizeAlign>Center</ResizeAlign>
      <Style>Bold</Style>
      <Font>Outline</Font>
      <Text>TR_SCREENPROFILES_USERROLE</Text>
    </Text>
    <Text Name="Text6">
      <X>75</X>
      <Y>527</Y>
      <Z>0</Z>
      <H>27</H>
      <MaxW>0</MaxW>
      <Color Name="StaticColor" />
      <SelColor Name="TextSelColor" />
      <Align>Left</Align>
      <ResizeAlign>Center</ResizeAlign>
      <Style>Bold</Style>
      <Font>Outline</Font>
      <Text>TR_SCREENPROFILES_ACTIVE</Text>
    </Text>
  </Texts>
  <Buttons>
    <Button Name="ButtonPlayerName">
      <Skin/>
      <SkinSelected>SelectSlide</SkinSelected>
      <Rect>
        <X>500</X>
        <Y>280</Y>
        <W>710</W>
        <H>50</H>
        <Z>0</Z>
      </Rect>
      <Color Name="ButtonColor" />
      <SelColor Name="ButtonSelColor" />
      <Text Name="Text">
        <X>355</X>
        <Y>10</Y>
        <Z>0</Z>
        <H>27</H>
        <MaxW>702</MaxW>
        <Color Name="ButtonTextSelColor" />
        <SelColor Name="ButtonTextSelColor" />
        <Align>Center</Align>
        <ResizeAlign>Center</ResizeAlign>
        <Style>Bold</Style>
        <Font>Outline</Font>
        <Text />
      </Text>
    </Button>
    <Button Name="ButtonExit">
      <Skin>Button</Skin>
      <SkinSelected>Button</SkinSelected>
      <Rect>
        <X>145</X>
        <Y>600</Y>
        <W>150</W>
        <H>50</H>
        <Z>0</Z>
      </Rect>
      <Color Name="ButtonColor" />
      <SelColor Name="ButtonSelColor" />
      <Text Name="Text">
        <X>75</X>
        <Y>12</Y>
        <Z>0</Z>
        <H>27</H>
        <MaxW>142</MaxW>
        <Color Name="ButtonTextColor" />
        <SelColor Name="ButtonTextSelColor" />
        <Align>Center</Align>
        <ResizeAlign>Center</ResizeAlign>
        <Style>Bold</Style>
        <Font>Outline</Font>
        <Text>TR_BUTTON_BACK</Text>
      </Text>
      <Reflection>
        <Height>26</Height>
        <Space>10</Space>
      </Reflection>
      <SelReflection>
        <Height>26</Height>
        <Space>10</Space>
      </SelReflection>
    </Button>
    <Button Name="ButtonSave">
      <Skin>Button</Skin>
      <SkinSelected>Button</SkinSelected>
      <Rect>
        <X>355</X>
        <Y>600</Y>
        <W>150</W>
        <H>50</H>
        <Z>0</Z>
      </Rect>
      <Color Name="ButtonColor" />
      <SelColor Name="ButtonSelColor" />
      <Text Name="Text">
        <X>75</X>
        <Y>12</Y>
        <Z>0</Z>
        <H>27</H>
        <MaxW>142</MaxW>
        <Color Name="ButtonTextColor" />
        <SelColor Name="ButtonTextSelColor" />
        <Align>Center</Align>
        <ResizeAlign>Center</ResizeAlign>
        <Style>Bold</Style>
        <Font>Outline</Font>
        <Text>TR_BUTTON_SAVE</Text>
      </Text>
      <Reflection>
        <Height>26</Height>
        <Space>10</Space>
      </Reflection>
      <SelReflection>
        <Height>26</Height>
        <Space>10</Space>
      </SelReflection>
    </Button>
    <Button Name="ButtonNew">
      <Skin>Button</Skin>
      <SkinSelected>Button</SkinSelected>
      <Rect>
        <X>565</X>
        <Y>600</Y>
        <W>150</W>
        <H>50</H>
        <Z>0</Z>
      </Rect>
      <Color Name="ButtonColor" />
      <SelColor Name="ButtonSelColor" />
      <Text Name="Text">
        <X>75</X>
        <Y>12</Y>
        <Z>0</Z>
        <H>27</H>
        <MaxW>142</MaxW>
        <Color Name="ButtonTextColor" />
        <SelColor Name="ButtonTextSelColor" />
        <Align>Center</Align>
        <ResizeAlign>Center</ResizeAlign>
        <Style>Bold</Style>
        <Font>Outline</Font>
        <Text>TR_SCREENPROFILES_BUTTON_NEW</Text>
      </Text>
      <Reflection>
        <Height>26</Height>
        <Space>10</Space>
      </Reflection>
      <SelReflection>
        <Height>26</Height>
        <Space>10</Space>
      </SelReflection>
    </Button>
    <Button Name="ButtonDelete">
      <Skin>Button</Skin>
      <SkinSelected>Button</SkinSelected>
      <Rect>
        <X>775</X>
        <Y>600</Y>
        <W>150</W>
        <H>50</H>
        <Z>0</Z>
      </Rect>
      <Color Name="ButtonColor" />
      <SelColor Name="ButtonSelColor" />
      <Text Name="Text">
        <X>75</X>
        <Y>12</Y>
        <Z>0</Z>
        <H>27</H>
        <MaxW>142</MaxW>
        <Color Name="ButtonTextColor" />
        <SelColor Name="ButtonTextSelColor" />
        <Align>Center</Align>
        <ResizeAlign>Center</ResizeAlign>
        <Style>Bold</Style>
        <Font>Outline</Font>
        <Text>TR_SCREENPROFILES_BUTTON_DELETE</Text>
      </Text>
      <Reflection>
        <Height>26</Height>
        <Space>10</Space>
      </Reflection>
      <SelReflection>
        <Height>26</Height>
        <Space>10</Space>
      </SelReflection>
    </Button>
    <Button Name="ButtonWebcam">
      <Skin>Button</Skin>
      <SkinSelected>Button</SkinSelected>
      <Rect>
        <X>985</X>
        <Y>600</Y>
        <W>150</W>
        <H>50</H>
        <Z>0</Z>
      </Rect>
      <Color Name="ButtonColor" />
      <SelColor Name="ButtonSelColor" />
      <Text Name="Text">
        <X>75</X>
        <Y>12</Y>
        <Z>0</Z>
        <H>27</H>
        <MaxW>142</MaxW>
        <Color Name="ButtonTextColor" />
        <SelColor Name="ButtonTextSelColor" />
        <Align>Center</Align>
        <ResizeAlign>Center</ResizeAlign>
        <Style>Bold</Style>
        <Font>Outline</Font>
        <Text>TR_SCREENPROFILES_BUTTON_WEBCAM</Text>
      </Text>
      <Reflection>
        <Height>26</Height>
        <Space>10</Space>
      </Reflection>
      <SelReflection>
        <Height>26</Height>
        <Space>10</Space>
      </SelReflection>
    </Button>
    <Button Name="ButtonSaveSnapshot">
      <Skin>Button</Skin>
      <SkinSelected>Button</SkinSelected>
      <Rect>
        <X>300</X>
        <Y>205</Y>
        <W>150</W>
        <H>50</H>
        <Z>0</Z>
      </Rect>
      <Color Name="ButtonColor" />
      <SelColor Name="ButtonSelColor" />
      <Text Name="Text">
        <X>75</X>
        <Y>12</Y>
        <Z>0</Z>
        <H>27</H>
        <MaxW>142</MaxW>
        <Color Name="ButtonTextColor" />
        <SelColor Name="ButtonTextSelColor" />
        <Align>Center</Align>
        <ResizeAlign>Center</ResizeAlign>
        <Style>Bold</Style>
        <Font>Outline</Font>
        <Text>TR_SCREENPROFILES_BUTTON_SAVESNAPSHOT</Text>
      </Text>
    </Button>
    <Button Name="ButtonDiscardSnapshot">
      <Skin>Button</Skin>
      <SkinSelected>Button</SkinSelected>
      <Rect>
        <X>300</X>
        <Y>125</Y>
        <W>150</W>
        <H>50</H>
        <Z>0</Z>
      </Rect>
      <Color Name="ButtonColor" />
      <SelColor Name="ButtonSelColor" />
      <Text Name="Text">
        <X>75</X>
        <Y>12</Y>
        <Z>0</Z>
        <H>27</H>
        <MaxW>142</MaxW>
        <Color Name="ButtonTextColor" />
        <SelColor Name="ButtonTextSelColor" />
        <Align>Center</Align>
        <ResizeAlign>Center</ResizeAlign>
        <Style>Bold</Style>
        <Font>Outline</Font>
        <Text>TR_SCREENPROFILES_BUTTON_DISCARDSNAPSHOT</Text>
      </Text>
    </Button>
    <Button Name="ButtonTakeSnapshot">
      <Skin>Button</Skin>
      <SkinSelected>Button</SkinSelected>
      <Rect>
        <X>985</X>
        <Y>600</Y>
        <W>150</W>
        <H>50</H>
        <Z>0</Z>
      </Rect>
      <Color Name="ButtonColor" />
      <SelColor Name="ButtonSelColor" />
      <Text Name="Text">
        <X>75</X>
        <Y>12</Y>
        <Z>0</Z>
        <H>27</H>
        <MaxW>142</MaxW>
        <Color Name="ButtonTextColor" />
        <SelColor Name="ButtonTextSelColor" />
        <Align>Center</Align>
        <ResizeAlign>Center</ResizeAlign>
        <Style>Bold</Style>
        <Font>Outline</Font>
        <Text>TR_SCREENPROFILES_BUTTON_TAKESNAPSHOT</Text>
      </Text>
      <Reflection>
        <Height>26</Height>
        <Space>10</Space>
      </Reflection>
      <SelReflection>
        <Height>26</Height>
        <Space>10</Space>
      </SelReflection>
    </Button>
  </Buttons>
  <SongMenus />
  <Lyrics />
  <SelectSlides>
    <SelectSlide Name="SelectSlideProfiles">
      <Skin/>
      <SkinArrowLeft>SelectSlideArrowLeft</SkinArrowLeft>
      <SkinArrowRight>SelectSlideArrowRight</SkinArrowRight>
      <SkinSelected>SelectSlide</SkinSelected>
      <SkinArrowLeftSelected>SelectSlideArrowLeft</SkinArrowLeftSelected>
      <SkinArrowRightSelected>SelectSlideArrowRight</SkinArrowRightSelected>
      <Rect>
        <X>500</X>
        <Y>160</Y>
        <W>710</W>
        <H>50</H>
        <Z>0</Z>
      </Rect>
      <RectArrowLeft>
        <X>505</X>
        <Y>165</Y>
        <W>40</W>
        <H>40</H>
        <Z>0</Z>
      </RectArrowLeft>
      <RectArrowRight>
        <X>1170</X>
        <Y>165</Y>
        <W>40</W>
        <H>40</H>
        <Z>0</Z>
      </RectArrowRight>
      <Color Name="SelectSlideColor" />
      <SelColor Name="SelectSlideSelColor" />
      <ArrowColor Name="ArrowColor" />
      <ArrowSelColor Name="ArrowSelColor" />
      <TextColor Name="TextColor" />
      <TextSelColor Name="TextSelColor" />
      <TextH>27</TextH>
      <TextRelativeX>50</TextRelativeX>
      <TextRelativeY>0</TextRelativeY>
      <TextMaxW>219.2</TextMaxW>
      <TextFont>Outline</TextFont>
      <TextStyle>Bold</TextStyle>
      <NumVisible>3</NumVisible>
    </SelectSlide>
    <SelectSlide Name="SelectSlideDifficulty">
      <Skin/>
      <SkinArrowLeft>SelectSlideArrowLeft</SkinArrowLeft>
      <SkinArrowRight>SelectSlideArrowRight</SkinArrowRight>
      <SkinSelected>SelectSlide</SkinSelected>
      <SkinArrowLeftSelected>SelectSlideArrowLeft</SkinArrowLeftSelected>
      <SkinArrowRightSelected>SelectSlideArrowRight</SkinArrowRightSelected>
      <Rect>
        <X>500</X>
        <Y>340</Y>
        <W>710</W>
        <H>50</H>
        <Z>0</Z>
      </Rect>
      <RectArrowLeft>
        <X>505</X>
        <Y>345</Y>
        <W>40</W>
        <H>40</H>
        <Z>0</Z>
      </RectArrowLeft>
      <RectArrowRight>
        <X>1170</X>
        <Y>345</Y>
        <W>40</W>
        <H>40</H>
        <Z>0</Z>
      </RectArrowRight>
      <Color Name="SelectSlideColor" />
      <SelColor Name="SelectSlideSelColor" />
      <ArrowColor Name="ArrowColor" />
      <ArrowSelColor Name="ArrowSelColor" />
      <TextColor Name="TextColor" />
      <TextSelColor Name="TextSelColor" />
      <TextH>27</TextH>
      <TextRelativeX>50</TextRelativeX>
      <TextRelativeY>0</TextRelativeY>
      <TextMaxW>208.67</TextMaxW>
      <TextFont>Outline</TextFont>
      <TextStyle>Bold</TextStyle>
      <NumVisible>3</NumVisible>
    </SelectSlide>
    <SelectSlide Name="SelectSlideAvatars">
      <Skin/>
      <SkinArrowLeft>SelectSlideArrowLeft</SkinArrowLeft>
      <SkinArrowRight>SelectSlideArrowRight</SkinArrowRight>
      <SkinSelected>SelectSlide</SkinSelected>
      <SkinArrowLeftSelected>SelectSlideArrowLeft</SkinArrowLeftSelected>
      <SkinArrowRightSelected>SelectSlideArrowRight</SkinArrowRightSelected>
      <Rect>
        <X>500</X>
        <Y>400</Y>
        <W>710</W>
        <H>50</H>
        <Z>0</Z>
      </Rect>
      <RectArrowLeft>
        <X>505</X>
        <Y>405</Y>
        <W>40</W>
        <H>40</H>
        <Z>0</Z>
      </RectArrowLeft>
      <RectArrowRight>
        <X>1170</X>
        <Y>405</Y>
        <W>40</W>
        <H>40</H>
        <Z>0</Z>
      </RectArrowRight>
      <Color Name="SelectSlideColor" />
      <SelColor Name="SelectSlideSelColor" />
      <ArrowColor Name="ArrowColor" />
      <ArrowSelColor Name="ArrowSelColor" />
      <TextColor Name="TextColor" />
      <TextSelColor Name="TextSelColor" />
      <TextH>27</TextH>
      <TextRelativeX>50</TextRelativeX>
      <TextRelativeY>0</TextRelativeY>
      <TextMaxW>208.67</TextMaxW>
      <TextFont>Outline</TextFont>
      <TextStyle>Bold</TextStyle>
      <NumVisible>3</NumVisible>
    </SelectSlide>
    <SelectSlide Name="SelectSlideUserRole">
      <Skin/>
      <SkinArrowLeft>SelectSlideArrowLeft</SkinArrowLeft>
      <SkinArrowRight>SelectSlideArrowRight</SkinArrowRight>
      <SkinSelected>SelectSlide</SkinSelected>
      <SkinArrowLeftSelected>SelectSlideArrowLeft</SkinArrowLeftSelected>
      <SkinArrowRightSelected>SelectSlideArrowRight</SkinArrowRightSelected>
      <Rect>
        <X>500</X>
        <Y>460</Y>
        <W>710</W>
        <H>50</H>
        <Z>0</Z>
      </Rect>
      <RectArrowLeft>
        <X>505</X>
        <Y>465</Y>
        <W>40</W>
        <H>40</H>
        <Z>0</Z>
      </RectArrowLeft>
      <RectArrowRight>
        <X>1170</X>
        <Y>465</Y>
        <W>40</W>
        <H>40</H>
        <Z>0</Z>
      </RectArrowRight>
      <Color Name="SelectSlideColor" />
      <SelColor Name="SelectSlideSelColor" />
      <ArrowColor Name="ArrowColor" />
      <ArrowSelColor Name="ArrowSelColor" />
      <TextColor Name="TextColor" />
      <TextSelColor Name="TextSelColor" />
      <TextH>27</TextH>
      <TextRelativeX>50</TextRelativeX>
      <TextRelativeY>0</TextRelativeY>
      <TextMaxW>313</TextMaxW>
      <TextFont>Outline</TextFont>
      <TextStyle>Bold</TextStyle>
      <NumVisible>2</NumVisible>
    </SelectSlide>
    <SelectSlide Name="SelectSlideActive">
      <Skin/>
      <SkinArrowLeft>SelectSlideArrowLeft</SkinArrowLeft>
      <SkinArrowRight>SelectSlideArrowRight</SkinArrowRight>
      <SkinSelected>SelectSlide</SkinSelected>
      <SkinArrowLeftSelected>SelectSlideArrowLeft</SkinArrowLeftSelected>
      <SkinArrowRightSelected>SelectSlideArrowRight</SkinArrowRightSelected>
      <Rect>
        <X>500</X>
        <Y>520</Y>
        <W>710</W>
        <H>50</H>
        <Z>0</Z>
      </Rect>
      <RectArrowLeft>
        <X>505</X>
        <Y>525</Y>
        <W>40</W>
        <H>40</H>
        <Z>0</Z>
      </RectArrowLeft>
      <RectArrowRight>
        <X>1170</X>
        <Y>525</Y>
        <W>40</W>
        <H>40</H>
        <Z>0</Z>
      </RectArrowRight>
      <Color Name="SelectSlideColor" />
      <SelColor Name="SelectSlideSelColor" />
      <ArrowColor Name="ArrowColor" />
      <ArrowSelColor Name="ArrowSelColor" />
      <TextColor Name="TextColor" />
      <TextSelColor Name="TextSelColor" />
      <TextH>27</TextH>
      <TextRelativeX>50</TextRelativeX>
      <TextRelativeY>0</TextRelativeY>
      <TextMaxW>313</TextMaxW>
      <TextFont>Outline</TextFont>
      <TextStyle>Bold</TextStyle>
      <NumVisible>2</NumVisible>
    </SelectSlide>
  </SelectSlides>
  <SingNotes />
  <NameSelections />
  <Equalizers />
  <Playlists />
  <ParticleEffects />
  <ScreenSettings />
</Screen>
