<?xml version="1.0" encoding="utf-8"?>
<Screen xmlns:xsd="http://www.w3.org/2001/XMLSchema" xmlns:xsi="http://www.w3.org/2001/XMLSchema-instance">
  <Informations>
    <ScreenName>ScreenNames</ScreenName>
    <ScreenVersion>3</ScreenVersion>
  </Informations>
  <Backgrounds>
    <Background Name="Background1">
      <Type>Video</Type>
      <SlideShowTextures />
      <Video>BG_Video</Video>
      <Skin>BG_Options</Skin>
      <Color Name="BackgroundColor" />
    </Background>
  </Backgrounds>
  <Statics>
    <Static Name="Static1">
      <Skin>Menu</Skin>
      <Color Name="StaticColor" />
      <Rect>
        <X>40</X>
        <Y>40</Y>
        <W>1200</W>
        <H>50</H>
        <Z>0</Z>
      </Rect>
    </Static>
    <Static Name="StaticPlayerAvatar1">
      <Skin/>
      <Color Name="Visible" />
      <Rect>
        <X>20</X>
        <Y>105</Y>
        <W>108</W>
        <H>108</H>
        <Z>-3</Z>
      </Rect>
    </Static>
    <Static Name="StaticPlayerAvatar2">
      <Skin/>
      <Color Name="Visible" />
      <Rect>
        <X>20</X>
        <Y>260</Y>
        <W>108</W>
        <H>108</H>
        <Z>-3</Z>
      </Rect>
    </Static>
    <Static Name="StaticPlayerAvatar3">
      <Skin/>
      <Color Name="Visible" />
      <Rect>
        <X>20</X>
        <Y>415</Y>
        <W>108</W>
        <H>108</H>
        <Z>-3</Z>
      </Rect>
    </Static>
    <Static Name="StaticPlayerAvatar4">
      <Skin/>
      <Color Name="Visible" />
      <Rect>
        <X>1152</X>
        <Y>105</Y>
        <W>108</W>
        <H>108</H>
        <Z>-3</Z>
      </Rect>
    </Static>
    <Static Name="StaticPlayerAvatar5">
      <Skin/>
      <Color Name="Visible" />
      <Rect>
        <X>1152</X>
        <Y>260</Y>
        <W>108</W>
        <H>108</H>
        <Z>-3</Z>
      </Rect>
    </Static>
    <Static Name="StaticPlayerAvatar6">
      <Skin/>
      <Color Name="Visible" />
      <Rect>
        <X>1152</X>
        <Y>415</Y>
        <W>108</W>
        <H>108</H>
        <Z>-3</Z>
      </Rect>
    </Static>
    <Static Name="StaticPlayer1">
      <Skin>PlayerSelector</Skin>
      <Color Name="Player1" />
      <Rect>
        <X>15</X>
        <Y>100</Y>
        <W>118</W>
        <H>118</H>
        <Z>-2</Z>
      </Rect>
    </Static>
    <Static Name="StaticPlayer2">
      <Skin>PlayerSelector</Skin>
      <Color Name="Player2" />
      <Rect>
        <X>15</X>
        <Y>255</Y>
        <W>118</W>
        <H>118</H>
        <Z>-2</Z>
      </Rect>
    </Static>
    <Static Name="StaticPlayer3">
      <Skin>PlayerSelector</Skin>
      <Color Name="Player3" />
      <Rect>
        <X>15</X>
        <Y>410</Y>
        <W>118</W>
        <H>118</H>
        <Z>-2</Z>
      </Rect>
    </Static>
    <Static Name="StaticPlayer4">
      <Skin>PlayerSelector</Skin>
      <Color Name="Player4" />
      <Rect>
        <X>1147</X>
        <Y>100</Y>
        <W>118</W>
        <H>118</H>
        <Z>-2</Z>
      </Rect>
    </Static>
    <Static Name="StaticPlayer5">
      <Skin>PlayerSelector</Skin>
      <Color Name="Player5" />
      <Rect>
        <X>1147</X>
        <Y>255</Y>
        <W>118</W>
        <H>118</H>
        <Z>-2</Z>
      </Rect>
    </Static>
    <Static Name="StaticPlayer6">
      <Skin>PlayerSelector</Skin>
      <Color Name="Player6" />
      <Rect>
        <X>1147</X>
        <Y>410</Y>
        <W>118</W>
        <H>118</H>
        <Z>-2</Z>
      </Rect>
    </Static>
    <Static Name="StaticWarningMics">
      <Skin/>
      <Color Name="Invisible" />
      <Rect>
        <X>300</X>
        <Y>603</Y>
        <W>685</W>
        <H>50</H>
        <Z>-1</Z>
      </Rect>
    </Static>
    <Static Name="StaticWarningProfiles">
      <Skin/>
      <Color Name="Invisible" />
      <Rect>
        <X>300</X>
        <Y>654</Y>
        <W>685</W>
        <H>50</H>
        <Z>-1</Z>
      </Rect>
    </Static>
  </Statics>
  <Texts>
    <Text Name="Text1">
      <X>640</X>
      <Y>50</Y>
      <Z>0</Z>
      <H>27</H>
      <MaxW>0</MaxW>
      <Color Name="StaticColor" />
      <SelColor Name="TextSelColor" />
      <Align>Center</Align>
      <ResizeAlign>Center</ResizeAlign>
      <Style>Bold</Style>
      <Font>Outline</Font>
      <Text>TR_SCREENNAMES_MENU</Text>
    </Text>
    <Text Name="TextWarningMics">
      <X>640</X>
      <Y>617</Y>
      <Z>-1.1</Z>
      <H>27</H>
      <MaxW>970</MaxW>
      <Color Name="TextWarningColor" />
      <SelColor Name="TextWarningColor" />
      <Align>Center</Align>
      <ResizeAlign>Center</ResizeAlign>
      <Style>Bold</Style>
      <Font>Outline</Font>
      <Text />
    </Text>
    <Text Name="TextWarningProfiles">
      <X>640</X>
      <Y>652</Y>
      <Z>-1.1</Z>
      <H>27</H>
      <MaxW>970</MaxW>
      <Color Name="TextWarningColor" />
      <SelColor Name="TextWarningColor" />
      <Align>Center</Align>
      <ResizeAlign>Center</ResizeAlign>
      <Style>Bold</Style>
      <Font>Outline</Font>
      <Text />
    </Text>
    <Text Name="TextPlayer1">
      <X>74</X>
      <Y>219</Y>
      <Z>0</Z>
      <H>20</H>
      <MaxW>0</MaxW>
      <Color Name="Player1" />
      <SelColor Name="TextSelColor" />
      <Align>Center</Align>
      <ResizeAlign>Center</ResizeAlign>
      <Style>Bold</Style>
      <Font>Outline</Font>
      <Text />
    </Text>
    <Text Name="TextPlayer2">
      <X>74</X>
      <Y>374</Y>
      <Z>0</Z>
      <H>20</H>
      <MaxW>0</MaxW>
      <Color Name="Player2" />
      <SelColor Name="TextSelColor" />
      <Align>Center</Align>
      <ResizeAlign>Center</ResizeAlign>
      <Style>Bold</Style>
      <Font>Outline</Font>
      <Text />
    </Text>
    <Text Name="TextPlayer3">
      <X>74</X>
      <Y>529</Y>
      <Z>0</Z>
      <H>20</H>
      <MaxW>0</MaxW>
      <Color Name="Player3" />
      <SelColor Name="TextSelColor" />
      <Align>Center</Align>
      <ResizeAlign>Center</ResizeAlign>
      <Style>Bold</Style>
      <Font>Outline</Font>
      <Text />
    </Text>
    <Text Name="TextPlayer4">
      <X>1206</X>
      <Y>219</Y>
      <Z>0</Z>
      <H>20</H>
      <MaxW>0</MaxW>
      <Color Name="Player4" />
      <SelColor Name="TextSelColor" />
      <Align>Center</Align>
      <ResizeAlign>Center</ResizeAlign>
      <Style>Bold</Style>
      <Font>Outline</Font>
      <Text />
    </Text>
    <Text Name="TextPlayer5">
      <X>1206</X>
      <Y>374</Y>
      <Z>0</Z>
      <H>20</H>
      <MaxW>0</MaxW>
      <Color Name="Player5" />
      <SelColor Name="TextSelColor" />
      <Align>Center</Align>
      <ResizeAlign>Center</ResizeAlign>
      <Style>Bold</Style>
      <Font>Outline</Font>
      <Text />
    </Text>
    <Text Name="TextPlayer6">
      <X>1206</X>
      <Y>529</Y>
      <Z>0</Z>
      <H>20</H>
      <MaxW>0</MaxW>
      <Color Name="Player6" />
      <SelColor Name="TextSelColor" />
      <Align>Center</Align>
      <ResizeAlign>Center</ResizeAlign>
      <Style>Bold</Style>
      <Font>Outline</Font>
      <Text />
    </Text>
  </Texts>
  <Buttons>
    <Button Name="ButtonBack">
      <Skin>Button</Skin>
      <SkinSelected>Button</SkinSelected>
      <Rect>
        <X>145</X>
        <Y>603</Y>
        <W>150</W>
        <H>50</H>
        <Z>0</Z>
      </Rect>
      <Color Name="ButtonColor" />
      <SelColor Name="ButtonSelColor" />
      <Text Name="Text">
        <X>75</X>
        <Y>12</Y>
        <Z>0</Z>
        <H>27</H>
        <MaxW>142</MaxW>
        <Color Name="ButtonTextSelColor" />
        <SelColor Name="ButtonTextSelColor" />
        <Align>Center</Align>
        <ResizeAlign>Center</ResizeAlign>
        <Style>Bold</Style>
        <Font>Outline</Font>
        <Text>TR_BUTTON_BACK</Text>
      </Text>
      <Reflection>
        <Height>26</Height>
        <Space>10</Space>
      </Reflection>
      <SelReflection>
        <Height>26</Height>
        <Space>10</Space>
      </SelReflection>
    </Button>
    <Button Name="ButtonStart">
      <Skin>Button</Skin>
      <SkinSelected>Button</SkinSelected>
      <Rect>
        <X>985</X>
        <Y>603</Y>
        <W>150</W>
        <H>50</H>
        <Z>0</Z>
      </Rect>
      <Color Name="ButtonColor" />
      <SelColor Name="ButtonSelColor" />
      <Text Name="Text">
        <X>75</X>
        <Y>12</Y>
        <Z>0</Z>
        <H>27</H>
        <MaxW>142</MaxW>
        <Color Name="ButtonTextSelColor" />
        <SelColor Name="ButtonTextSelColor" />
        <Align>Center</Align>
        <ResizeAlign>Center</ResizeAlign>
        <Style>Bold</Style>
        <Font>Outline</Font>
        <Text>TR_BUTTON_START</Text>
      </Text>
      <Reflection>
        <Height>26</Height>
        <Space>10</Space>
      </Reflection>
      <SelReflection>
        <Height>26</Height>
        <Space>10</Space>
      </SelReflection>
    </Button>
  </Buttons>
  <SongMenus />
  <Lyrics />
  <SelectSlides>
    <SelectSlide Name="SelectSlidePlayerNumber">
      <Skin/>
      <SkinArrowLeft>SelectSlideArrowLeft</SkinArrowLeft>
      <SkinArrowRight>SelectSlideArrowRight</SkinArrowRight>
      <SkinSelected>SelectSlidePlayer</SkinSelected>
      <SkinArrowLeftSelected>SelectSlideArrowLeft</SkinArrowLeftSelected>
      <SkinArrowRightSelected>SelectSlideArrowRight</SkinArrowRightSelected>
      <Rect>
        <X>70</X>
        <Y>548</Y>
        <W>1140</W>
        <H>45</H>
        <Z>0</Z>
      </Rect>
      <RectArrowLeft>
        <X>75</X>
        <Y>553</Y>
        <W>40</W>
        <H>40</H>
        <Z>0</Z>
      </RectArrowLeft>
      <RectArrowRight>
        <X>1170</X>
        <Y>553</Y>
        <W>40</W>
        <H>40</H>
        <Z>0</Z>
      </RectArrowRight>
      <Color Name="SelectSlideColor" />
      <SelColor Name="SelectSlideSelColor" />
      <ArrowColor Name="ArrowColor" />
      <ArrowSelColor Name="ArrowSelColor" />
      <TextColor Name="TextColor" />
      <TextSelColor Name="TextSelColor" />
      <TextH>27</TextH>
      <TextRelativeX>50</TextRelativeX>
      <TextRelativeY>0</TextRelativeY>
      <TextMaxW>186</TextMaxW>
      <TextFont>Outline</TextFont>
      <TextStyle>Bold</TextStyle>
      <NumVisible>6</NumVisible>
    </SelectSlide>
    <SelectSlide Name="SelectSlideDuetPlayer1">
      <Skin/>
      <SkinArrowLeft>SelectSlideArrowLeft</SkinArrowLeft>
      <SkinArrowRight>SelectSlideArrowRight</SkinArrowRight>
      <SkinSelected>Button</SkinSelected>
      <SkinArrowLeftSelected>SelectSlideArrowLeft</SkinArrowLeftSelected>
      <SkinArrowRightSelected>SelectSlideArrowRight</SkinArrowRightSelected>
      <Rect>
        <X>41</X>
        <Y>105</Y>
        <W>88</W>
        <H>20</H>
        <Z>-4</Z>
      </Rect>
      <RectArrowLeft>
        <X>20</X>
        <Y>105</Y>
        <W>20</W>
        <H>20</H>
        <Z>-4.01</Z>
      </RectArrowLeft>
      <RectArrowRight>
        <X>20</X>
        <Y>105</Y>
        <W>20</W>
        <H>20</H>
        <Z>-4.01</Z>
      </RectArrowRight>
      <Color Name="SelectSlideColor" />
      <SelColor Name="SelectSlideSelColor" />
      <ArrowColor Name="ArrowColor" />
      <ArrowSelColor Name="ArrowSelColor" />
      <TextColor Name="TextColor" />
      <TextSelColor Name="TextSelColor" />
      <TextH>20</TextH>
      <TextRelativeX>50</TextRelativeX>
      <TextRelativeY>0</TextRelativeY>
      <TextMaxW>86</TextMaxW>
      <TextFont>Outline</TextFont>
      <TextStyle>Bold</TextStyle>
      <NumVisible>1</NumVisible>
    </SelectSlide>
    <SelectSlide Name="SelectSlideDuetPlayer2">
      <Skin/>
      <SkinArrowLeft>SelectSlideArrowLeft</SkinArrowLeft>
      <SkinArrowRight>SelectSlideArrowRight</SkinArrowRight>
      <SkinSelected>Button</SkinSelected>
      <SkinArrowLeftSelected>SelectSlideArrowLeft</SkinArrowLeftSelected>
      <SkinArrowRightSelected>SelectSlideArrowRight</SkinArrowRightSelected>
      <Rect>
        <X>41</X>
        <Y>260</Y>
        <W>88</W>
        <H>20</H>
        <Z>-4</Z>
      </Rect>
      <RectArrowLeft>
        <X>20</X>
        <Y>260</Y>
        <W>20</W>
        <H>20</H>
        <Z>-4.01</Z>
      </RectArrowLeft>
      <RectArrowRight>
        <X>20</X>
        <Y>260</Y>
        <W>20</W>
        <H>20</H>
        <Z>-4.01</Z>
      </RectArrowRight>
      <Color Name="SelectSlideColor" />
      <SelColor Name="SelectSlideSelColor" />
      <ArrowColor Name="ArrowColor" />
      <ArrowSelColor Name="ArrowSelColor" />
      <TextColor Name="TextColor" />
      <TextSelColor Name="TextSelColor" />
      <TextH>20</TextH>
      <TextRelativeX>50</TextRelativeX>
      <TextRelativeY>0</TextRelativeY>
      <TextMaxW>86</TextMaxW>
      <TextFont>Outline</TextFont>
      <TextStyle>Bold</TextStyle>
      <NumVisible>1</NumVisible>
    </SelectSlide>
    <SelectSlide Name="SelectSlideDuetPlayer3">
      <Skin/>
      <SkinArrowLeft>SelectSlideArrowLeft</SkinArrowLeft>
      <SkinArrowRight>SelectSlideArrowRight</SkinArrowRight>
      <SkinSelected>Button</SkinSelected>
      <SkinArrowLeftSelected>SelectSlideArrowLeft</SkinArrowLeftSelected>
      <SkinArrowRightSelected>SelectSlideArrowRight</SkinArrowRightSelected>
      <Rect>
        <X>41</X>
        <Y>415</Y>
        <W>88</W>
        <H>20</H>
        <Z>-4</Z>
      </Rect>
      <RectArrowLeft>
        <X>20</X>
        <Y>415</Y>
        <W>20</W>
        <H>20</H>
        <Z>-4.01</Z>
      </RectArrowLeft>
      <RectArrowRight>
        <X>20</X>
        <Y>415</Y>
        <W>20</W>
        <H>20</H>
        <Z>-4.01</Z>
      </RectArrowRight>
      <Color Name="SelectSlideColor" />
      <SelColor Name="SelectSlideSelColor" />
      <ArrowColor Name="ArrowColor" />
      <ArrowSelColor Name="ArrowSelColor" />
      <TextColor Name="TextColor" />
      <TextSelColor Name="TextSelColor" />
      <TextH>20</TextH>
      <TextRelativeX>50</TextRelativeX>
      <TextRelativeY>0</TextRelativeY>
      <TextMaxW>86</TextMaxW>
      <TextFont>Outline</TextFont>
      <TextStyle>Bold</TextStyle>
      <NumVisible>1</NumVisible>
    </SelectSlide>
    <SelectSlide Name="SelectSlideDuetPlayer4">
      <Skin/>
      <SkinArrowLeft>SelectSlideArrowLeft</SkinArrowLeft>
      <SkinArrowRight>SelectSlideArrowRight</SkinArrowRight>
      <SkinSelected>Button</SkinSelected>
      <SkinArrowLeftSelected>SelectSlideArrowLeft</SkinArrowLeftSelected>
      <SkinArrowRightSelected>SelectSlideArrowRight</SkinArrowRightSelected>
      <Rect>
        <X>1152</X>
        <Y>105</Y>
        <W>88</W>
        <H>20</H>
        <Z>-4</Z>
      </Rect>
      <RectArrowLeft>
        <X>1240</X>
        <Y>105</Y>
        <W>20</W>
        <H>20</H>
        <Z>-4.01</Z>
      </RectArrowLeft>
      <RectArrowRight>
        <X>1240</X>
        <Y>105</Y>
        <W>20</W>
        <H>20</H>
        <Z>-4.01</Z>
      </RectArrowRight>
      <Color Name="SelectSlideColor" />
      <SelColor Name="SelectSlideSelColor" />
      <ArrowColor Name="ArrowColor" />
      <ArrowSelColor Name="ArrowSelColor" />
      <TextColor Name="TextColor" />
      <TextSelColor Name="TextSelColor" />
      <TextH>20</TextH>
      <TextRelativeX>50</TextRelativeX>
      <TextRelativeY>0</TextRelativeY>
      <TextMaxW>86</TextMaxW>
      <TextFont>Outline</TextFont>
      <TextStyle>Bold</TextStyle>
      <NumVisible>1</NumVisible>
    </SelectSlide>
    <SelectSlide Name="SelectSlideDuetPlayer5">
      <Skin/>
      <SkinArrowLeft>SelectSlideArrowLeft</SkinArrowLeft>
      <SkinArrowRight>SelectSlideArrowRight</SkinArrowRight>
      <SkinSelected>Button</SkinSelected>
      <SkinArrowLeftSelected>SelectSlideArrowLeft</SkinArrowLeftSelected>
      <SkinArrowRightSelected>SelectSlideArrowRight</SkinArrowRightSelected>
      <Rect>
        <X>1152</X>
        <Y>260</Y>
        <W>88</W>
        <H>20</H>
        <Z>-4</Z>
      </Rect>
      <RectArrowLeft>
        <X>1240</X>
        <Y>260</Y>
        <W>20</W>
        <H>20</H>
        <Z>-4.01</Z>
      </RectArrowLeft>
      <RectArrowRight>
        <X>1240</X>
        <Y>260</Y>
        <W>20</W>
        <H>20</H>
        <Z>-4.01</Z>
      </RectArrowRight>
      <Color Name="SelectSlideColor" />
      <SelColor Name="SelectSlideSelColor" />
      <ArrowColor Name="ArrowColor" />
      <ArrowSelColor Name="ArrowSelColor" />
      <TextColor Name="TextColor" />
      <TextSelColor Name="TextSelColor" />
      <TextH>20</TextH>
      <TextRelativeX>50</TextRelativeX>
      <TextRelativeY>0</TextRelativeY>
      <TextMaxW>86</TextMaxW>
      <TextFont>Outline</TextFont>
      <TextStyle>Bold</TextStyle>
      <NumVisible>1</NumVisible>
    </SelectSlide>
    <SelectSlide Name="SelectSlideDuetPlayer6">
      <Skin/>
      <SkinArrowLeft>SelectSlideArrowLeft</SkinArrowLeft>
      <SkinArrowRight>SelectSlideArrowRight</SkinArrowRight>
      <SkinSelected>Button</SkinSelected>
      <SkinArrowLeftSelected>SelectSlideArrowLeft</SkinArrowLeftSelected>
      <SkinArrowRightSelected>SelectSlideArrowRight</SkinArrowRightSelected>
      <Rect>
        <X>1152</X>
        <Y>415</Y>
        <W>88</W>
        <H>20</H>
        <Z>-4</Z>
      </Rect>
      <RectArrowLeft>
        <X>1240</X>
        <Y>415</Y>
        <W>20</W>
        <H>20</H>
        <Z>-4.01</Z>
      </RectArrowLeft>
      <RectArrowRight>
        <X>1240</X>
        <Y>415</Y>
        <W>20</W>
        <H>20</H>
        <Z>-4.01</Z>
      </RectArrowRight>
      <Color Name="SelectSlideColor" />
      <SelColor Name="SelectSlideSelColor" />
      <ArrowColor Name="ArrowColor" />
      <ArrowSelColor Name="ArrowSelColor" />
      <TextColor Name="TextColor" />
      <TextSelColor Name="TextSelColor" />
      <TextH>20</TextH>
      <TextRelativeX>50</TextRelativeX>
      <TextRelativeY>0</TextRelativeY>
      <TextMaxW>86</TextMaxW>
      <TextFont>Outline</TextFont>
      <TextStyle>Bold</TextStyle>
      <NumVisible>1</NumVisible>
    </SelectSlide>
  </SelectSlides>
  <SingNotes />
  <NameSelections>
    <NameSelection Name="NameSelection">
      <Rect>
        <X>172</X>
        <Y>127</Y>
        <W>945</W>
        <H>393</H>
        <Z>0</Z>
      </Rect>
      <SkinEmptyTile>CoverTile</SkinEmptyTile>
      <ColorEmptyTile>
        <R>1</R>
        <G>1</G>
        <B>1</B>
        <A>0.2</A>
      </ColorEmptyTile>
      <SkinTileSelected>PlayerSelector</SkinTileSelected>
      <Tiles>
        <W>100</W>
        <H>100</H>
        <NumW>8</NumW>
        <NumH>3</NumH>
        <SpaceW>20.71</SpaceW>
        <SpaceH>30</SpaceH>
        <Name>
          <Space>2</Space>
          <H>17</H>
          <Font>Outline</Font>
          <Style>Bold</Style>
          <Color Name="TextColor" />
        </Name>
      </Tiles>
    </NameSelection>
  </NameSelections>
  <Equalizers>
    <Equalizer Name="EqualizerPlayer1">
      <Skin/>
      <Rect>
        <X>21</X>
        <Y>152</Y>
        <W>108</W>
        <H>60</H>
        <Z>-4</Z>
      </Rect>
      <NumBars>8</NumBars>
      <Space>2</Space>
      <Style>Columns</Style>
      <DrawNegative>TR_CONFIG_OFF</DrawNegative>
      <Color Name="Player1"><A>0.4</A></Color>
      <MaxColor Name="Player1"><A>0.4</A></MaxColor>
    </Equalizer>
    <Equalizer Name="EqualizerPlayer2">
      <Skin/>
      <Rect>
        <X>21</X>
        <Y>307</Y>
        <W>108</W>
        <H>60</H>
        <Z>-4</Z>
      </Rect>
      <NumBars>8</NumBars>
      <Space>2</Space>
      <Style>Columns</Style>
      <DrawNegative>TR_CONFIG_OFF</DrawNegative>
      <Color Name="Player2"><A>0.4</A></Color>
      <MaxColor Name="Player2"><A>0.4</A></MaxColor>
    </Equalizer>
    <Equalizer Name="EqualizerPlayer3">
      <Skin/>
      <Rect>
        <X>21</X>
        <Y>467</Y>
        <W>108</W>
        <H>60</H>
        <Z>-4</Z>
      </Rect>
      <NumBars>8</NumBars>
      <Space>2</Space>
      <Style>Columns</Style>
      <DrawNegative>TR_CONFIG_OFF</DrawNegative>
      <Color Name="Player3"><A>0.4</A></Color>
      <MaxColor Name="Player3"><A>0.4</A></MaxColor>
    </Equalizer>
    <Equalizer Name="EqualizerPlayer4">
      <Skin/>
      <Rect>
        <X>1153</X>
        <Y>152</Y>
        <W>108</W>
        <H>60</H>
        <Z>-4</Z>
      </Rect>
      <NumBars>8</NumBars>
      <Space>2</Space>
      <Style>Columns</Style>
      <DrawNegative>TR_CONFIG_OFF</DrawNegative>
      <Color Name="Player4"><A>0.4</A></Color>
      <MaxColor Name="Player4"><A>0.4</A></MaxColor>
    </Equalizer>
    <Equalizer Name="EqualizerPlayer5">
      <Skin/>
      <Rect>
        <X>1153</X>
        <Y>307</Y>
        <W>108</W>
        <H>60</H>
        <Z>-4</Z>
      </Rect>
      <NumBars>8</NumBars>
      <Space>2</Space>
      <Style>Columns</Style>
      <DrawNegative>TR_CONFIG_OFF</DrawNegative>
      <Color Name="Player5"><A>0.4</A></Color>
      <MaxColor Name="Player5"><A>0.4</A></MaxColor>
    </Equalizer>
    <Equalizer Name="EqualizerPlayer6">
      <Skin/>
      <Rect>
        <X>1153</X>
        <Y>467</Y>
        <W>108</W>
        <H>60</H>
        <Z>-4</Z>
      </Rect>
      <NumBars>8</NumBars>
      <Space>2</Space>
      <Style>Columns</Style>
      <DrawNegative>TR_CONFIG_OFF</DrawNegative>
      <Color Name="Player6"><A>0.4</A></Color>
      <MaxColor Name="Player6"><A>0.4</A></MaxColor>
    </Equalizer>
  </Equalizers>
  <Playlists />
  <ParticleEffects />
  <ScreenSettings />
</Screen>
